ano,trimestre,data,regiao,uf,populacao_ativa,empregados,desempregados,taxa_desemprego,renda_media,setor_predominante,vagas_formais,inflacao,nivel_risco
2015,1,2015-03-01,Norte,AM,1428772,1293887,134885,9.44,2539.67,Construção,9513,7.09,Médio
2015,1,2015-03-01,Norte,PA,4912808,4231410,681398,13.87,2536.28,Construção,3104,6.84,Alto
2015,1,2015-03-01,Norte,RO,3654834,3217078,437756,11.98,3185.87,Construção,57505,5.48,Alto
2015,1,2015-03-01,Norte,TO,3481897,3010863,471034,13.53,1933.31,Comércio,61208,6.76,Alto
2015,1,2015-03-01,Nordeste,BA,509015,425557,83458,16.4,3792.59,Serviços,47983,5.51,Crítico
2015,1,2015-03-01,Nordeste,PE,4214009,3551492,662517,15.72,2644.99,Construção,30918,3.26,Crítico
2015,1,2015-03-01,Nordeste,CE,1971416,1677913,293503,14.89,3486.3,Indústria,41473,5.87,Crítico
2015,1,2015-03-01,Nordeste,MA,4619823,4000374,619449,13.41,3873.91,Agropecuária,62012,7.28,Alto
2015,1,2015-03-01,Nordeste,PB,1434720,1280069,154651,10.78,3037.35,Construção,24992,5.11,Alto
2015,1,2015-03-01,Centro-Oeste,DF,4018161,3707146,311015,7.74,1609.5,Comércio,45977,6.73,Médio
2015,1,2015-03-01,Centro-Oeste,GO,4983417,4600861,382556,7.68,3691.79,Agropecuária,11241,2.99,Médio
2015,1,2015-03-01,Centro-Oeste,MT,5216365,4666940,549425,10.53,3004.0,Comércio,74710,5.32,Alto
2015,1,2015-03-01,Centro-Oeste,MS,5769658,5271083,498575,8.64,3302.74,Comércio,26430,7.49,Médio
2015,1,2015-03-01,Sudeste,SP,1909310,1734862,174448,9.14,1902.07,Comércio,76325,9.09,Médio
2015,1,2015-03-01,Sudeste,RJ,475054,432732,42322,8.91,1633.1,Indústria,49939,5.42,Médio
2015,1,2015-03-01,Sudeste,MG,5591250,5149975,441275,7.89,2994.72,Indústria,67063,4.08,Médio
2015,1,2015-03-01,Sudeste,ES,3524062,3121606,402456,11.42,2092.42,Indústria,49305,4.57,Alto
2015,1,2015-03-01,Sul,PR,4573402,4269704,303698,6.64,2041.81,Construção,1063,4.9,Baixo
2015,1,2015-03-01,Sul,SC,3628346,3501510,126836,3.5,2917.34,Construção,19051,5.89,Baixo
2015,1,2015-03-01,Sul,RS,3216424,3050102,166322,5.17,2797.99,Agropecuária,82110,4.95,Baixo
2015,2,2015-06-01,Norte,AM,1677135,1545612,131523,7.84,1909.38,Comércio,64562,6.25,Médio
2015,2,2015-06-01,Norte,PA,2373900,2155918,217982,9.18,3663.21,Construção,35462,4.38,Médio
2015,2,2015-06-01,Norte,RO,1342311,1236359,105952,7.89,2774.92,Serviços,29698,5.75,Médio
2015,2,2015-06-01,Norte,TO,3682098,3036928,645170,17.52,2856.05,Construção,41301,3.09,Crítico
2015,2,2015-06-01,Nordeste,BA,965375,810164,155211,16.08,2493.14,Indústria,16198,3.5,Crítico
2015,2,2015-06-01,Nordeste,PE,499862,438633,61229,12.25,2867.74,Indústria,16001,4.18,Alto
2015,2,2015-06-01,Nordeste,CE,2356641,2085736,270905,11.5,2655.56,Construção,41136,4.23,Alto
2015,2,2015-06-01,Nordeste,MA,2748094,2407043,341051,12.41,3221.19,Indústria,40431,4.95,Alto
2015,2,2015-06-01,Nordeste,PB,1591753,1410284,181469,11.4,4074.48,Comércio,30456,5.17,Alto
2015,2,2015-06-01,Centro-Oeste,DF,1222524,1124788,97736,7.99,1978.71,Construção,15706,2.6,Médio
2015,2,2015-06-01,Centro-Oeste,GO,4083698,3697601,386097,9.45,2645.28,Serviços,12748,4.43,Médio
2015,2,2015-06-01,Centro-Oeste,MT,4081374,3859610,221764,5.43,2947.83,Indústria,38767,7.62,Baixo
2015,2,2015-06-01,Centro-Oeste,MS,4755703,4389270,366433,7.71,3539.99,Serviços,54877,4.09,Médio
2015,2,2015-06-01,Sudeste,SP,5128248,4570706,557542,10.87,2528.48,Construção,26768,4.13,Alto
2015,2,2015-06-01,Sudeste,RJ,3639827,3260173,379654,10.43,3204.75,Agropecuária,82653,6.72,Alto
2015,2,2015-06-01,Sudeste,MG,2534639,2357140,177499,7.0,3639.58,Indústria,44095,5.34,Médio
2015,2,2015-06-01,Sudeste,ES,4911141,4568562,342579,6.98,2365.52,Agropecuária,17056,4.9,Baixo
2015,2,2015-06-01,Sul,PR,4642252,4266485,375767,8.09,4691.42,Construção,31103,2.52,Médio
2015,2,2015-06-01,Sul,SC,5026586,4618961,407625,8.11,3578.04,Construção,76739,0.72,Médio
2015,2,2015-06-01,Sul,RS,5167241,4698463,468778,9.07,2004.32,Agropecuária,42720,6.46,Médio
2015,3,2015-09-01,Norte,AM,5663152,4935571,727581,12.85,2743.34,Construção,34553,5.87,Alto
2015,3,2015-09-01,Norte,PA,1013259,890042,123217,12.16,3361.77,Construção,81445,4.78,Alto
2015,3,2015-09-01,Norte,RO,749548,678068,71480,9.54,2960.44,Construção,79100,5.6,Médio
2015,3,2015-09-01,Norte,TO,5022104,4589514,432590,8.61,3539.61,Construção,28400,6.43,Médio
2015,3,2015-09-01,Nordeste,BA,842283,717861,124422,14.77,3445.67,Indústria,63682,4.8,Crítico
2015,3,2015-09-01,Nordeste,PE,788441,667311,121130,15.36,2421.85,Construção,44771,5.41,Crítico
2015,3,2015-09-01,Nordeste,CE,671511,585321,86190,12.84,4175.38,Agropecuária,1525,3.82,Alto
2015,3,2015-09-01,Nordeste,MA,5382582,4658041,724541,13.46,2706.24,Agropecuária,19357,6.97,Alto
2015,3,2015-09-01,Nordeste,PB,1671231,1533325,137906,8.25,2449.07,Serviços,59567,4.63,Médio
2015,3,2015-09-01,Centro-Oeste,DF,4896701,4427080,469621,9.59,3218.1,Agropecuária,17525,5.09,Médio
2015,3,2015-09-01,Centro-Oeste,GO,3855462,3523097,332365,8.62,3643.44,Construção,48760,4.62,Médio
2015,3,2015-09-01,Centro-Oeste,MT,4499233,4103487,395746,8.8,1842.43,Construção,72558,4.64,Médio
2015,3,2015-09-01,Centro-Oeste,MS,1558135,1442149,115986,7.44,3852.46,Serviços,40023,5.8,Médio
2015,3,2015-09-01,Sudeste,SP,1467407,1344098,123309,8.4,2388.03,Indústria,25438,6.63,Médio
2015,3,2015-09-01,Sudeste,RJ,3525283,3177732,347551,9.86,2196.98,Indústria,45996,5.68,Médio
2015,3,2015-09-01,Sudeste,MG,990165,900531,89634,9.05,2645.3,Agropecuária,4811,7.21,Médio
2015,3,2015-09-01,Sudeste,ES,4307799,3997500,310299,7.2,2295.3,Indústria,27018,7.54,Médio
2015,3,2015-09-01,Sul,PR,4051999,3701330,350669,8.65,2301.51,Indústria,25181,3.78,Médio
2015,3,2015-09-01,Sul,SC,1585872,1507771,78101,4.92,2927.93,Construção,53264,4.08,Baixo
2015,3,2015-09-01,Sul,RS,446721,424728,21993,4.92,2171.51,Construção,68336,3.16,Baixo
2015,4,2015-12-01,Norte,AM,1327679,1187155,140524,10.58,3100.1,Construção,11813,6.52,Alto
2015,4,2015-12-01,Norte,PA,5989861,5174535,815326,13.61,3094.74,Construção,88133,9.29,Alto
2015,4,2015-12-01,Norte,RO,2372353,2164314,208039,8.77,1936.32,Comércio,71277,4.59,Médio
2015,4,2015-12-01,Norte,TO,2105013,1856915,248098,11.79,3130.7,Indústria,27021,4.99,Alto
2015,4,2015-12-01,Nordeste,BA,3381273,2959995,421278,12.46,2749.29,Comércio,54520,4.78,Alto
2015,4,2015-12-01,Nordeste,PE,338762,289486,49276,14.55,2881.45,Agropecuária,22097,5.15,Crítico
2015,4,2015-12-01,Nordeste,CE,3321760,2790473,531287,15.99,3899.16,Construção,66690,7.37,Crítico
2015,4,2015-12-01,Nordeste,MA,318431,277761,40670,12.77,2758.75,Serviços,85549,5.96,Alto
2015,4,2015-12-01,Nordeste,PB,4557690,4003846,553844,12.15,3659.0,Serviços,37633,6.72,Alto
2015,4,2015-12-01,Centro-Oeste,DF,3357985,3028263,329722,9.82,2317.0,Agropecuária,6940,6.32,Médio
2015,4,2015-12-01,Centro-Oeste,GO,3222486,3002947,219539,6.81,2001.53,Agropecuária,68333,7.44,Baixo
2015,4,2015-12-01,Centro-Oeste,MT,2700148,2574062,126086,4.67,2966.27,Construção,1320,3.63,Baixo
2015,4,2015-12-01,Centro-Oeste,MS,3012440,2799859,212581,7.06,2927.47,Agropecuária,75423,4.9,Médio
2015,4,2015-12-01,Sudeste,SP,5631884,5051042,580842,10.31,2274.16,Construção,47363,2.85,Alto
2015,4,2015-12-01,Sudeste,RJ,3957535,3597655,359880,9.09,2532.73,Serviços,8498,3.37,Médio
2015,4,2015-12-01,Sudeste,MG,4040281,3744529,295752,7.32,2085.36,Construção,13332,3.33,Médio
2015,4,2015-12-01,Sudeste,ES,2414496,2268443,146053,6.05,1808.37,Serviços,57037,6.14,Baixo
2015,4,2015-12-01,Sul,PR,5118058,4707021,411037,8.03,2935.67,Serviços,36423,2.44,Médio
2015,4,2015-12-01,Sul,SC,3037164,2877140,160024,5.27,2510.35,Comércio,44149,5.52,Baixo
2015,4,2015-12-01,Sul,RS,588278,526971,61307,10.42,3642.47,Indústria,21996,8.54,Alto
2016,1,2016-03-01,Norte,AM,2209583,1955998,253585,11.48,3058.6,Indústria,69104,6.79,Alto
2016,1,2016-03-01,Norte,PA,4977856,4676012,301844,6.06,2743.89,Agropecuária,8680,6.84,Baixo
2016,1,2016-03-01,Norte,RO,4628972,4111370,517602,11.18,2289.82,Indústria,66681,4.24,Alto
2016,1,2016-03-01,Norte,TO,341001,314920,26081,7.65,2494.99,Indústria,77118,2.01,Médio
2016,1,2016-03-01,Nordeste,BA,4222113,3629112,593001,14.05,3607.18,Agropecuária,44617,7.02,Crítico
2016,1,2016-03-01,Nordeste,PE,5426678,4670653,756025,13.93,1002.32,Agropecuária,57847,6.6,Alto
2016,1,2016-03-01,Nordeste,CE,893987,727939,166048,18.57,2061.06,Indústria,30498,5.46,Crítico
2016,1,2016-03-01,Nordeste,MA,5989761,5227222,762539,12.73,2844.59,Agropecuária,1263,5.93,Alto
2016,1,2016-03-01,Nordeste,PB,1019503,862058,157445,15.44,3487.4,Construção,1580,4.93,Crítico
2016,1,2016-03-01,Centro-Oeste,DF,5267504,4745873,521631,9.9,2613.03,Agropecuária,5511,7.2,Médio
2016,1,2016-03-01,Centro-Oeste,GO,5492332,4937535,554797,10.1,1624.8,Indústria,43625,6.37,Alto
2016,1,2016-03-01,Centro-Oeste,MT,2402839,2144658,258181,10.74,3348.03,Indústria,71720,3.64,Alto
2016,1,2016-03-01,Centro-Oeste,MS,798744,718505,80239,10.05,3162.21,Construção,5945,5.28,Alto
2016,1,2016-03-01,Sudeste,SP,3555429,3238527,316902,8.91,2972.56,Construção,64247,4.6,Médio
2016,1,2016-03-01,Sudeste,RJ,5130425,4567042,563383,10.98,2135.43,Serviços,71469,6.62,Alto
2016,1,2016-03-01,Sudeste,MG,5393997,4893572,500425,9.28,3143.96,Comércio,18871,6.83,Médio
2016,1,2016-03-01,Sudeste,ES,4609106,4169828,439278,9.53,3141.27,Comércio,78899,5.29,Médio
2016,1,2016-03-01,Sul,PR,4598774,4143760,455014,9.89,2786.89,Indústria,84955,5.3,Médio
2016,1,2016-03-01,Sul,SC,3047198,2699849,347349,11.4,3707.25,Construção,16211,3.65,Alto
2016,1,2016-03-01,Sul,RS,4781391,4334315,447076,9.35,2609.02,Serviços,53629,4.24,Médio
2016,2,2016-06-01,Norte,AM,5510535,4894127,616408,11.19,1660.66,Agropecuária,33505,4.82,Alto
2016,2,2016-06-01,Norte,PA,1254918,1062512,192406,15.33,2088.11,Agropecuária,36900,4.86,Crítico
2016,2,2016-06-01,Norte,RO,5733903,4919737,814166,14.2,3943.8,Construção,67386,4.27,Crítico
2016,2,2016-06-01,Norte,TO,5309286,4761890,547396,10.31,1984.96,Agropecuária,15490,3.16,Alto
2016,2,2016-06-01,Nordeste,BA,4864367,4254168,610199,12.54,2676.14,Agropecuária,70938,5.54,Alto
2016,2,2016-06-01,Nordeste,PE,3070469,2685919,384550,12.52,1706.49,Comércio,1431,4.9,Alto
2016,2,2016-06-01,Nordeste,CE,323666,275629,48037,14.84,3135.66,Comércio,3185,4.8,Crítico
2016,2,2016-06-01,Nordeste,MA,3041557,2600658,440899,14.5,2041.74,Comércio,13602,3.89,Crítico
2016,2,2016-06-01,Nordeste,PB,1844277,1578717,265560,14.4,2767.32,Agropecuária,29783,3.43,Crítico
2016,2,2016-06-01,Centro-Oeste,DF,4238050,3939314,298736,7.05,1737.74,Comércio,77718,4.55,Médio
2016,2,2016-06-01,Centro-Oeste,GO,885434,790386,95048,10.73,2028.8,Comércio,8575,7.06,Alto
2016,2,2016-06-01,Centro-Oeste,MT,550938,492197,58741,10.66,2493.83,Indústria,70025,2.73,Alto
2016,2,2016-06-01,Centro-Oeste,MS,4305630,3998557,307073,7.13,3061.38,Serviços,57382,3.51,Médio
2016,2,2016-06-01,Sudeste,SP,2943518,2600439,343079,11.66,3045.19,Serviços,55584,6.26,Alto
2016,2,2016-06-01,Sudeste,RJ,3934504,3418817,515687,13.11,2508.85,Agropecuária,67702,5.2,Alto
2016,2,2016-06-01,Sudeste,MG,3305193,2891160,414033,12.53,3115.6,Comércio,15543,0.25,Alto
2016,2,2016-06-01,Sudeste,ES,2033039,1825584,207455,10.2,3080.21,Construção,31605,4.3,Alto
2016,2,2016-06-01,Sul,PR,5931102,5639469,291633,4.92,3418.91,Serviços,64462,2.58,Baixo
2016,2,2016-06-01,Sul,SC,4320736,3919637,401099,9.28,3175.98,Construção,83528,4.96,Médio
2016,2,2016-06-01,Sul,RS,3552717,3293797,258920,7.29,3541.06,Agropecuária,29772,5.59,Médio
2016,3,2016-09-01,Norte,AM,5296032,4473496,822536,15.53,3255.68,Indústria,34468,5.62,Crítico
2016,3,2016-09-01,Norte,PA,4879778,4202399,677379,13.88,2814.11,Agropecuária,43254,1.74,Alto
2016,3,2016-09-01,Norte,RO,2092893,1745475,347418,16.6,2891.13,Serviços,6793,2.56,Crítico
2016,3,2016-09-01,Norte,TO,1360232,1169534,190698,14.02,2132.44,Serviços,38486,4.49,Crítico
2016,3,2016-09-01,Nordeste,BA,3378858,2997952,380906,11.27,2561.85,Construção,22142,3.94,Alto
2016,3,2016-09-01,Nordeste,PE,463975,401713,62262,13.42,2883.65,Construção,12202,3.45,Alto
2016,3,2016-09-01,Nordeste,CE,940787,795248,145539,15.47,2994.09,Comércio,60655,3.58,Crítico
2016,3,2016-09-01,Nordeste,MA,974284,796515,177769,18.25,3070.65,Comércio,22459,2.67,Crítico
2016,3,2016-09-01,Nordeste,PB,3877813,3318675,559138,14.42,2006.69,Serviços,7083,4.31,Crítico
2016,3,2016-09-01,Centro-Oeste,DF,1328244,1227802,100442,7.56,2015.08,Serviços,32908,3.08,Médio
2016,3,2016-09-01,Centro-Oeste,GO,1530252,1456675,73577,4.81,3793.43,Serviços,66527,4.62,Baixo
2016,3,2016-09-01,Centro-Oeste,MT,1679883,1585583,94300,5.61,2738.78,Comércio,13674,6.06,Baixo
2016,3,2016-09-01,Centro-Oeste,MS,1829164,1626726,202438,11.07,3235.49,Serviços,17631,3.22,Alto
2016,3,2016-09-01,Sudeste,SP,3121127,2795634,325493,10.43,2695.16,Agropecuária,82484,6.59,Alto
2016,3,2016-09-01,Sudeste,RJ,4341207,3986755,354452,8.16,3640.41,Comércio,87565,5.03,Médio
2016,3,2016-09-01,Sudeste,MG,4445827,3981748,464079,10.44,1968.12,Comércio,28576,4.42,Alto
2016,3,2016-09-01,Sudeste,ES,417932,370166,47766,11.43,1906.52,Indústria,63109,5.9,Alto
2016,3,2016-09-01,Sul,PR,3574641,3255996,318645,8.91,2169.03,Construção,33977,4.96,Médio
2016,3,2016-09-01,Sul,SC,1596575,1466524,130051,8.15,2400.04,Comércio,68290,5.29,Médio
2016,3,2016-09-01,Sul,RS,5752476,5348093,404383,7.03,2996.65,Agropecuária,49266,4.27,Médio
2016,4,2016-12-01,Norte,AM,4595141,3995715,599426,13.04,2829.68,Serviços,22094,6.17,Alto
2016,4,2016-12-01,Norte,PA,5068478,4350386,718092,14.17,2830.12,Comércio,29068,5.97,Crítico
2016,4,2016-12-01,Norte,RO,5081404,4475050,606354,11.93,2500.62,Comércio,54270,7.54,Alto
2016,4,2016-12-01,Norte,TO,4032813,3435189,597624,14.82,1739.05,Agropecuária,76735,3.09,Crítico
2016,4,2016-12-01,Nordeste,BA,2996458,2545569,450889,15.05,3043.38,Agropecuária,40569,4.91,Crítico
2016,4,2016-12-01,Nordeste,PE,4024664,3459022,565642,14.05,2289.76,Construção,7868,5.47,Crítico
2016,4,2016-12-01,Nordeste,CE,3276238,2831949,444289,13.56,3443.77,Agropecuária,84861,7.17,Alto
2016,4,2016-12-01,Nordeste,MA,2106454,1864086,242368,11.51,3167.94,Serviços,23939,6.24,Alto
2016,4,2016-12-01,Nordeste,PB,1332542,1158095,174447,13.09,2695.57,Indústria,65851,6.0,Alto
2016,4,2016-12-01,Centro-Oeste,DF,1337289,1224643,112646,8.42,2191.42,Serviços,14925,3.24,Médio
2016,4,2016-12-01,Centro-Oeste,GO,3037159,2718393,318766,10.5,3180.98,Indústria,37789,2.62,Alto
2016,4,2016-12-01,Centro-Oeste,MT,5040014,4624364,415650,8.25,2328.25,Agropecuária,2336,6.42,Médio
2016,4,2016-12-01,Centro-Oeste,MS,5238405,4703921,534484,10.2,2846.47,Agropecuária,80763,4.45,Alto
2016,4,2016-12-01,Sudeste,SP,3282571,3041217,241354,7.35,2859.3,Serviços,55430,3.69,Médio
2016,4,2016-12-01,Sudeste,RJ,5255608,4683528,572080,10.89,2890.37,Serviços,23538,4.95,Alto
2016,4,2016-12-01,Sudeste,MG,5380572,4784949,595623,11.07,2469.83,Agropecuária,43901,4.49,Alto
2016,4,2016-12-01,Sudeste,ES,566564,509560,57004,10.06,2275.85,Agropecuária,55526,2.96,Alto
2016,4,2016-12-01,Sul,PR,1257117,1133385,123732,9.84,2402.9,Serviços,65501,3.96,Médio
2016,4,2016-12-01,Sul,SC,3216636,2816807,399829,12.43,2929.16,Agropecuária,64418,6.07,Alto
2016,4,2016-12-01,Sul,RS,1138209,1065873,72336,6.36,1831.73,Agropecuária,63781,3.35,Baixo
2017,1,2017-03-01,Norte,AM,1885040,1684882,200158,10.62,4287.07,Serviços,58498,9.11,Alto
2017,1,2017-03-01,Norte,PA,3803003,3419001,384002,10.1,3477.52,Comércio,8274,5.02,Alto
2017,1,2017-03-01,Norte,RO,2723214,2500894,222320,8.16,3481.52,Construção,64962,5.9,Médio
2017,1,2017-03-01,Norte,TO,1633338,1497515,135823,8.32,2709.12,Construção,45083,1.84,Médio
2017,1,2017-03-01,Nordeste,BA,4884451,4185976,698475,14.3,3028.16,Comércio,48562,5.15,Crítico
2017,1,2017-03-01,Nordeste,PE,5752301,5160576,591725,10.29,3573.03,Construção,12369,4.44,Alto
2017,1,2017-03-01,Nordeste,CE,5099133,4276217,822916,16.14,2321.59,Comércio,57390,8.93,Crítico
2017,1,2017-03-01,Nordeste,MA,3629854,3165373,464481,12.8,3135.98,Agropecuária,53252,8.1,Alto
2017,1,2017-03-01,Nordeste,PB,2295116,2014874,280242,12.21,2991.57,Construção,82276,4.37,Alto
2017,1,2017-03-01,Centro-Oeste,DF,4268232,3995397,272835,6.39,3313.58,Indústria,9876,3.74,Baixo
2017,1,2017-03-01,Centro-Oeste,GO,3055922,2735390,320532,10.49,2453.71,Construção,19617,6.17,Alto
2017,1,2017-03-01,Centro-Oeste,MT,1084089,1009496,74593,6.88,2733.25,Comércio,79699,5.21,Baixo
2017,1,2017-03-01,Centro-Oeste,MS,4537457,4359022,178435,3.93,2032.55,Comércio,56762,3.66,Baixo
2017,1,2017-03-01,Sudeste,SP,3409773,3090736,319037,9.36,3269.12,Construção,68060,7.45,Médio
2017,1,2017-03-01,Sudeste,RJ,5499729,5153676,346053,6.29,3875.5,Indústria,75093,2.9,Baixo
2017,1,2017-03-01,Sudeste,MG,4672637,4403985,268652,5.75,3599.18,Serviços,11921,1.51,Baixo
2017,1,2017-03-01,Sudeste,ES,2506003,2280629,225374,8.99,2503.18,Construção,57819,4.54,Médio
2017,1,2017-03-01,Sul,PR,2140014,1987975,152039,7.1,2710.22,Construção,86512,4.52,Médio
2017,1,2017-03-01,Sul,SC,5691554,5520808,170746,3.0,2375.33,Agropecuária,69436,5.59,Baixo
2017,1,2017-03-01,Sul,RS,661560,631381,30179,4.56,2599.65,Indústria,61471,6.97,Baixo
2017,2,2017-06-01,Norte,AM,586765,514284,72481,12.35,3272.26,Indústria,71441,5.72,Alto
2017,2,2017-06-01,Norte,PA,2612230,2421361,190869,7.31,2447.26,Agropecuária,16437,2.94,Médio
2017,2,2017-06-01,Norte,RO,769168,685089,84079,10.93,3139.18,Serviços,84829,4.13,Alto
2017,2,2017-06-01,Norte,TO,547129,483744,63385,11.59,2605.32,Indústria,75686,5.13,Alto
2017,2,2017-06-01,Nordeste,BA,4529475,3881085,648390,14.31,3445.31,Serviços,13083,2.9,Crítico
2017,2,2017-06-01,Nordeste,PE,5347247,4647876,699371,13.08,2171.36,Serviços,41233,5.71,Alto
2017,2,2017-06-01,Nordeste,CE,3866654,3307938,558716,14.45,3519.99,Indústria,30633,6.07,Crítico
2017,2,2017-06-01,Nordeste,MA,5018329,4289748,728581,14.52,2562.15,Comércio,53014,4.66,Crítico
2017,2,2017-06-01,Nordeste,PB,4097238,3528761,568477,13.87,2270.53,Comércio,12417,4.22,Alto
2017,2,2017-06-01,Centro-Oeste,DF,3289799,2932849,356950,10.85,3018.09,Serviços,52565,7.31,Alto
2017,2,2017-06-01,Centro-Oeste,GO,1391155,1270174,120981,8.7,2523.6,Comércio,33025,5.36,Médio
2017,2,2017-06-01,Centro-Oeste,MT,5204303,4628221,576082,11.07,2410.89,Agropecuária,18838,2.43,Alto
2017,2,2017-06-01,Centro-Oeste,MS,1986125,1790527,195598,9.85,2260.09,Construção,27419,3.32,Médio
2017,2,2017-06-01,Sudeste,SP,5379404,4789608,589796,10.96,2905.26,Construção,85646,4.5,Alto
2017,2,2017-06-01,Sudeste,RJ,1676213,1506561,169652,10.12,2678.25,Construção,14269,6.99,Alto
2017,2,2017-06-01,Sudeste,MG,4102820,3688380,414440,10.1,2881.41,Agropecuária,40977,5.5,Alto
2017,2,2017-06-01,Sudeste,ES,3661893,3286975,374918,10.24,2708.58,Construção,63877,4.47,Alto
2017,2,2017-06-01,Sul,PR,1470934,1361977,108957,7.41,3499.93,Comércio,12879,4.93,Médio
2017,2,2017-06-01,Sul,SC,4943066,4714802,228264,4.62,2981.7,Construção,12131,3.83,Baixo
2017,2,2017-06-01,Sul,RS,1989773,1777039,212734,10.69,3165.88,Comércio,35337,7.26,Alto
2017,3,2017-09-01,Norte,AM,3120679,2885121,235558,7.55,2937.9,Construção,76707,3.7,Médio
2017,3,2017-09-01,Norte,PA,810389,707369,103020,12.71,3295.58,Construção,89574,7.68,Alto
2017,3,2017-09-01,Norte,RO,804289,709913,94376,11.73,2977.61,Construção,67074,4.63,Alto
2017,3,2017-09-01,Norte,TO,4518472,4100191,418281,9.26,2393.43,Construção,59161,4.69,Médio
2017,3,2017-09-01,Nordeste,BA,5930593,5205326,725267,12.23,3189.34,Indústria,74283,5.23,Alto
2017,3,2017-09-01,Nordeste,PE,3010499,2550684,459815,15.27,2741.2,Comércio,12361,4.15,Crítico
2017,3,2017-09-01,Nordeste,CE,5014632,4349612,665020,13.26,3825.91,Agropecuária,77200,4.99,Alto
2017,3,2017-09-01,Nordeste,MA,1143459,992597,150862,13.19,1232.6,Construção,41314,4.6,Alto
2017,3,2017-09-01,Nordeste,PB,4379709,3690140,689569,15.74,3403.19,Agropecuária,7191,2.95,Crítico
2017,3,2017-09-01,Centro-Oeste,DF,5608246,5247038,361208,6.44,3606.54,Indústria,36333,7.55,Baixo
2017,3,2017-09-01,Centro-Oeste,GO,1581957,1430900,151057,9.55,2924.73,Indústria,50348,7.55,Médio
2017,3,2017-09-01,Centro-Oeste,MT,5723529,4978866,744663,13.01,2567.33,Agropecuária,71999,4.7,Alto
2017,3,2017-09-01,Centro-Oeste,MS,2143150,1959756,183394,8.56,2660.64,Indústria,81880,4.54,Médio
2017,3,2017-09-01,Sudeste,SP,4150977,3896742,254235,6.12,2068.57,Serviços,1150,6.44,Baixo
2017,3,2017-09-01,Sudeste,RJ,1987478,1846156,141322,7.11,2188.02,Comércio,69432,5.29,Médio
2017,3,2017-09-01,Sudeste,MG,4077545,3728135,349410,8.57,2172.61,Serviços,24974,6.13,Médio
2017,3,2017-09-01,Sudeste,ES,752453,682071,70382,9.35,2914.5,Indústria,67699,2.51,Médio
2017,3,2017-09-01,Sul,PR,1741605,1623262,118343,6.8,2960.88,Comércio,22509,4.92,Baixo
2017,3,2017-09-01,Sul,SC,3025332,2808590,216742,7.16,2494.44,Construção,44511,6.17,Médio
2017,3,2017-09-01,Sul,RS,1614794,1469361,145433,9.01,3186.47,Agropecuária,62647,5.7,Médio
2017,4,2017-12-01,Norte,AM,5745998,5086072,659926,11.48,2412.29,Construção,81382,3.93,Alto
2017,4,2017-12-01,Norte,PA,5680776,5095785,584991,10.3,2873.33,Serviços,2844,3.69,Alto
2017,4,2017-12-01,Norte,RO,5216343,4739335,477008,9.14,2806.45,Agropecuária,76717,5.57,Médio
2017,4,2017-12-01,Norte,TO,2394098,2097374,296724,12.39,2454.69,Comércio,7568,5.04,Alto
2017,4,2017-12-01,Nordeste,BA,4238646,3719002,519644,12.26,2345.35,Construção,46906,5.66,Alto
2017,4,2017-12-01,Nordeste,PE,3560826,3079141,481685,13.53,3957.85,Indústria,31178,7.92,Alto
2017,4,2017-12-01,Nordeste,CE,2075868,1760383,315485,15.2,3832.11,Indústria,80998,3.95,Crítico
2017,4,2017-12-01,Nordeste,MA,3679646,3364661,314985,8.56,2155.83,Serviços,80945,6.16,Médio
2017,4,2017-12-01,Nordeste,PB,4213515,3598747,614768,14.59,3803.68,Construção,16274,5.78,Crítico
2017,4,2017-12-01,Centro-Oeste,DF,5497851,4899980,597871,10.87,3042.82,Construção,24524,3.67,Alto
2017,4,2017-12-01,Centro-Oeste,GO,3027690,2853837,173853,5.74,2699.02,Agropecuária,17952,3.5,Baixo
2017,4,2017-12-01,Centro-Oeste,MT,1509865,1400133,109732,7.27,2171.95,Serviços,86193,5.83,Médio
2017,4,2017-12-01,Centro-Oeste,MS,1760340,1573944,186396,10.59,2409.11,Construção,7695,6.48,Alto
2017,4,2017-12-01,Sudeste,SP,4206716,3774376,432340,10.28,3377.45,Agropecuária,15871,1.6,Alto
2017,4,2017-12-01,Sudeste,RJ,2291928,2008590,283338,12.36,2192.64,Serviços,77885,4.54,Alto
2017,4,2017-12-01,Sudeste,MG,1983788,1746781,237007,11.95,3500.93,Serviços,38904,6.01,Alto
2017,4,2017-12-01,Sudeste,ES,912271,817836,94435,10.35,2259.94,Construção,24744,7.93,Alto
2017,4,2017-12-01,Sul,PR,4105627,3937042,168585,4.11,2621.52,Comércio,14613,2.56,Baixo
2017,4,2017-12-01,Sul,SC,3682684,3468534,214150,5.82,2187.76,Indústria,26374,5.41,Baixo
2017,4,2017-12-01,Sul,RS,1169612,1081909,87703,7.5,3010.69,Serviços,61283,7.02,Médio
2018,1,2018-03-01,Norte,AM,3403695,2971188,432507,12.71,2477.67,Construção,5506,4.11,Alto
2018,1,2018-03-01,Norte,PA,4572875,4030081,542794,11.87,1787.73,Serviços,47006,2.39,Alto
2018,1,2018-03-01,Norte,RO,4306446,3811190,495256,11.5,3025.9,Construção,19990,8.9,Alto
2018,1,2018-03-01,Norte,TO,5109454,4637979,471475,9.23,2494.3,Serviços,75780,6.09,Médio
2018,1,2018-03-01,Nordeste,BA,4361720,3869009,492711,11.3,2417.22,Agropecuária,33688,7.4,Alto
2018,1,2018-03-01,Nordeste,PE,1136218,966541,169677,14.93,1611.11,Construção,50104,6.39,Crítico
2018,1,2018-03-01,Nordeste,CE,4494766,3975868,518898,11.54,3313.47,Construção,14107,6.84,Alto
2018,1,2018-03-01,Nordeste,MA,5632254,5032826,599428,10.64,2837.31,Comércio,81048,9.09,Alto
2018,1,2018-03-01,Nordeste,PB,3898419,3489388,409031,10.49,2348.05,Serviços,2000,2.7,Alto
2018,1,2018-03-01,Centro-Oeste,DF,2006004,1840731,165273,8.24,2802.63,Indústria,24087,4.19,Médio
2018,1,2018-03-01,Centro-Oeste,GO,5999399,5390345,609054,10.15,2425.15,Construção,26616,3.64,Alto
2018,1,2018-03-01,Centro-Oeste,MT,503619,470816,32803,6.51,3087.37,Serviços,86814,5.02,Baixo
2018,1,2018-03-01,Centro-Oeste,MS,5156871,4920021,236850,4.59,2461.28,Agropecuária,75930,3.88,Baixo
2018,1,2018-03-01,Sudeste,SP,574700,519785,54915,9.56,2668.97,Comércio,57164,3.98,Médio
2018,1,2018-03-01,Sudeste,RJ,780656,698086,82570,10.58,1667.47,Serviços,41483,3.82,Alto
2018,1,2018-03-01,Sudeste,MG,4411096,4106383,304713,6.91,1836.1,Comércio,39031,5.4,Baixo
2018,1,2018-03-01,Sudeste,ES,3160453,2840049,320404,10.14,1188.53,Indústria,66775,4.95,Alto
2018,1,2018-03-01,Sul,PR,3492010,3235069,256941,7.36,2415.4,Serviços,36072,5.45,Médio
2018,1,2018-03-01,Sul,SC,1650946,1588508,62438,3.78,2694.89,Serviços,42765,3.79,Baixo
2018,1,2018-03-01,Sul,RS,4010173,3777536,232637,5.8,2699.78,Comércio,71990,6.82,Baixo
2018,2,2018-06-01,Norte,AM,5376156,4712130,664026,12.35,1721.69,Construção,28632,5.98,Alto
2018,2,2018-06-01,Norte,PA,5107306,4632463,474843,9.3,2284.84,Agropecuária,68102,3.4,Médio
2018,2,2018-06-01,Norte,RO,765980,673424,92556,12.08,2621.67,Construção,15475,6.23,Alto
2018,2,2018-06-01,Norte,TO,1300460,1129322,171138,13.16,2451.19,Agropecuária,78361,2.72,Alto
2018,2,2018-06-01,Nordeste,BA,1920901,1754661,166240,8.65,2532.88,Serviços,28536,4.88,Médio
2018,2,2018-06-01,Nordeste,PE,4900019,4298292,601727,12.28,3072.71,Comércio,19114,4.13,Alto
2018,2,2018-06-01,Nordeste,CE,3403269,2966254,437015,12.84,2999.51,Construção,36149,3.86,Alto
2018,2,2018-06-01,Nordeste,MA,5723322,5079899,643423,11.24,3314.95,Comércio,25703,2.89,Alto
2018,2,2018-06-01,Nordeste,PB,1317754,1142579,175175,13.29,2153.06,Indústria,26118,3.3,Alto
2018,2,2018-06-01,Centro-Oeste,DF,2239780,2022456,217324,9.7,3242.52,Comércio,56751,7.67,Médio
2018,2,2018-06-01,Centro-Oeste,GO,554375,518518,35857,6.47,2971.08,Indústria,27833,5.07,Baixo
2018,2,2018-06-01,Centro-Oeste,MT,5979655,5524028,455627,7.62,2518.19,Comércio,75764,5.68,Médio
2018,2,2018-06-01,Centro-Oeste,MS,4138049,3760041,378008,9.13,2638.65,Serviços,35006,5.66,Médio
2018,2,2018-06-01,Sudeste,SP,5600427,5030161,570266,10.18,2474.33,Serviços,78768,9.24,Alto
2018,2,2018-06-01,Sudeste,RJ,4859349,4461874,397475,8.18,3870.6,Indústria,61552,3.3,Médio
2018,2,2018-06-01,Sudeste,MG,4453941,4141118,312823,7.02,3423.86,Agropecuária,37063,3.26,Médio
2018,2,2018-06-01,Sudeste,ES,2190992,1976618,214374,9.78,3550.05,Comércio,73840,4.23,Médio
2018,2,2018-06-01,Sul,PR,421177,398475,22702,5.39,3023.63,Serviços,70609,5.28,Baixo
2018,2,2018-06-01,Sul,SC,3067008,2781999,285009,9.29,2406.17,Agropecuária,54477,6.54,Médio
2018,2,2018-06-01,Sul,RS,3304014,3079105,224909,6.81,3408.58,Agropecuária,46176,4.88,Baixo
2018,3,2018-09-01,Norte,AM,4661100,4021517,639583,13.72,3266.97,Serviços,11279,5.96,Alto
2018,3,2018-09-01,Norte,PA,3365671,3059227,306444,9.11,3257.4,Serviços,71157,5.59,Médio
2018,3,2018-09-01,Norte,RO,364612,325836,38776,10.63,2779.92,Agropecuária,43191,3.67,Alto
2018,3,2018-09-01,Norte,TO,1164709,1084850,79859,6.86,1786.92,Construção,56231,3.4,Baixo
2018,3,2018-09-01,Nordeste,BA,4612051,3962083,649968,14.09,3693.49,Construção,47889,5.83,Crítico
2018,3,2018-09-01,Nordeste,PE,322266,277692,44574,13.83,2862.28,Construção,42133,5.43,Alto
2018,3,2018-09-01,Nordeste,CE,3271146,2810262,460884,14.09,2514.05,Construção,54967,5.81,Crítico
2018,3,2018-09-01,Nordeste,MA,546196,465448,80748,14.78,3175.6,Indústria,59331,2.56,Crítico
2018,3,2018-09-01,Nordeste,PB,4900501,4211878,688623,14.05,2816.92,Agropecuária,73695,3.71,Crítico
2018,3,2018-09-01,Centro-Oeste,DF,3349177,2995315,353862,10.57,1420.71,Indústria,67158,3.67,Alto
2018,3,2018-09-01,Centro-Oeste,GO,3239943,3073931,166012,5.12,2457.24,Construção,25458,4.1,Baixo
2018,3,2018-09-01,Centro-Oeste,MT,4730437,4417125,313312,6.62,2923.57,Indústria,40494,5.65,Baixo
2018,3,2018-09-01,Centro-Oeste,MS,688193,664612,23581,3.43,3016.21,Comércio,83485,4.33,Baixo
2018,3,2018-09-01,Sudeste,SP,5897542,5406328,491214,8.33,2846.34,Agropecuária,27515,4.74,Médio
2018,3,2018-09-01,Sudeste,RJ,1344670,1236692,107978,8.03,1668.89,Construção,67163,4.85,Médio
2018,3,2018-09-01,Sudeste,MG,1339525,1200412,139113,10.39,2945.61,Construção,55311,4.57,Alto
2018,3,2018-09-01,Sudeste,ES,5234844,4633909,600935,11.48,3471.1,Comércio,61916,5.32,Alto
2018,3,2018-09-01,Sul,PR,4922631,4656567,266064,5.4,1743.07,Construção,54648,3.1,Baixo
2018,3,2018-09-01,Sul,SC,2111776,1950203,161573,7.65,3597.19,Serviços,3078,5.17,Médio
2018,3,2018-09-01,Sul,RS,5325059,5006974,318085,5.97,2211.71,Construção,29315,6.26,Baixo
2018,4,2018-12-01,Norte,AM,3896461,3549144,347317,8.91,3722.13,Comércio,66636,8.51,Médio
2018,4,2018-12-01,Norte,PA,2618285,2295265,323020,12.34,2500.44,Construção,83192,5.71,Alto
2018,4,2018-12-01,Norte,RO,337009,299692,37317,11.07,2687.28,Construção,57493,4.68,Alto
2018,4,2018-12-01,Norte,TO,3448684,3101787,346897,10.06,2961.24,Agropecuária,89691,4.05,Alto
2018,4,2018-12-01,Nordeste,BA,5769296,4939494,829802,14.38,2875.56,Comércio,78401,6.35,Crítico
2018,4,2018-12-01,Nordeste,PE,1656162,1448835,207327,12.52,2396.21,Indústria,54093,2.64,Alto
2018,4,2018-12-01,Nordeste,CE,1468660,1271513,197147,13.42,2945.09,Construção,68264,4.38,Alto
2018,4,2018-12-01,Nordeste,MA,4048664,3504389,544275,13.44,2847.16,Construção,76383,4.52,Alto
2018,4,2018-12-01,Nordeste,PB,5991807,5451159,540648,9.02,1661.91,Indústria,15248,5.6,Médio
2018,4,2018-12-01,Centro-Oeste,DF,5245991,4846560,399431,7.61,2686.59,Indústria,79281,5.5,Médio
2018,4,2018-12-01,Centro-Oeste,GO,5711356,5413285,298071,5.22,2523.21,Serviços,15501,7.84,Baixo
2018,4,2018-12-01,Centro-Oeste,MT,4696784,4385500,311284,6.63,4048.86,Construção,2101,5.33,Baixo
2018,4,2018-12-01,Centro-Oeste,MS,5153085,4749323,403762,7.84,2650.82,Comércio,69266,3.32,Médio
2018,4,2018-12-01,Sudeste,SP,978389,863721,114668,11.72,2399.84,Agropecuária,53479,5.06,Alto
2018,4,2018-12-01,Sudeste,RJ,2368940,2136803,232137,9.8,2542.62,Construção,68693,6.25,Médio
2018,4,2018-12-01,Sudeste,MG,4454927,4006370,448557,10.07,2451.84,Comércio,45027,4.1,Alto
2018,4,2018-12-01,Sudeste,ES,535129,490596,44533,8.32,3561.62,Comércio,77251,6.05,Médio
2018,4,2018-12-01,Sul,PR,5929833,5519716,410117,6.92,2442.43,Indústria,17065,5.42,Baixo
2018,4,2018-12-01,Sul,SC,3035114,2726068,309046,10.18,3086.61,Agropecuária,20239,4.96,Alto
2018,4,2018-12-01,Sul,RS,2431376,2252927,178449,7.34,2923.44,Indústria,87021,4.36,Médio
2019,1,2019-03-01,Norte,AM,2683915,2457866,226049,8.42,1592.31,Construção,62886,5.31,Médio
2019,1,2019-03-01,Norte,PA,3870651,3430361,440290,11.38,3032.57,Indústria,49939,4.57,Alto
2019,1,2019-03-01,Norte,RO,2696261,2481602,214659,7.96,2306.3,Indústria,83748,4.59,Médio
2019,1,2019-03-01,Norte,TO,3925254,3383798,541456,13.79,2369.28,Comércio,82923,3.97,Alto
2019,1,2019-03-01,Nordeste,BA,452537,398048,54489,12.04,2703.96,Construção,89174,4.36,Alto
2019,1,2019-03-01,Nordeste,PE,2095824,1807374,288450,13.76,2504.28,Agropecuária,9703,5.04,Alto
2019,1,2019-03-01,Nordeste,CE,5344060,4537796,806264,15.09,2108.66,Indústria,2061,6.56,Crítico
2019,1,2019-03-01,Nordeste,MA,2224735,1927813,296922,13.35,3427.48,Comércio,65711,5.64,Alto
2019,1,2019-03-01,Nordeste,PB,5415718,4679926,735792,13.59,2177.81,Serviços,16150,4.03,Alto
2019,1,2019-03-01,Centro-Oeste,DF,4881101,4523005,358096,7.34,3017.42,Indústria,16380,6.97,Médio
2019,1,2019-03-01,Centro-Oeste,GO,3965550,3803734,161816,4.08,2811.25,Agropecuária,32631,4.73,Baixo
2019,1,2019-03-01,Centro-Oeste,MT,2755631,2526097,229534,8.33,2960.65,Indústria,39937,3.48,Médio
2019,1,2019-03-01,Centro-Oeste,MS,3496123,3282666,213457,6.11,2913.71,Serviços,55847,3.33,Baixo
2019,1,2019-03-01,Sudeste,SP,2715842,2468760,247082,9.1,2001.87,Comércio,51094,4.04,Médio
2019,1,2019-03-01,Sudeste,RJ,4477217,4050417,426800,9.53,3597.45,Serviços,52440,5.44,Médio
2019,1,2019-03-01,Sudeste,MG,5486418,5063007,423411,7.72,2345.91,Agropecuária,63881,7.79,Médio
2019,1,2019-03-01,Sudeste,ES,2541526,2344615,196911,7.75,2442.89,Indústria,49140,-0.41,Médio
2019,1,2019-03-01,Sul,PR,2544759,2409368,135391,5.32,2965.47,Indústria,34138,6.04,Baixo
2019,1,2019-03-01,Sul,SC,4195634,3815685,379949,9.06,3711.35,Serviços,38995,4.79,Médio
2019,1,2019-03-01,Sul,RS,1060182,989106,71076,6.7,2727.38,Indústria,28087,3.98,Baixo
2019,2,2019-06-01,Norte,AM,2187365,1991275,196090,8.96,3089.03,Comércio,87750,4.63,Médio
2019,2,2019-06-01,Norte,PA,5423921,4922963,500958,9.24,2700.11,Indústria,42054,3.19,Médio
2019,2,2019-06-01,Norte,RO,4679540,4437357,242183,5.18,2796.2,Serviços,49892,2.99,Baixo
2019,2,2019-06-01,Norte,TO,4658066,4136464,521602,11.2,2221.09,Construção,43942,3.86,Alto
2019,2,2019-06-01,Nordeste,BA,860193,732085,128108,14.89,2759.1,Comércio,84858,5.05,Crítico
2019,2,2019-06-01,Nordeste,PE,3058674,2624941,433733,14.18,2368.27,Construção,73459,4.34,Crítico
2019,2,2019-06-01,Nordeste,CE,2185604,1925698,259906,11.89,3222.77,Construção,83281,4.12,Alto
2019,2,2019-06-01,Nordeste,MA,755491,673191,82300,10.89,3345.48,Agropecuária,6255,3.52,Alto
2019,2,2019-06-01,Nordeste,PB,1222897,1093244,129653,10.6,2400.17,Serviços,66956,3.78,Alto
2019,2,2019-06-01,Centro-Oeste,DF,4678960,4263094,415866,8.89,3039.02,Comércio,53288,4.96,Médio
2019,2,2019-06-01,Centro-Oeste,GO,4508460,4118280,390180,8.65,2873.92,Agropecuária,9696,7.53,Médio
2019,2,2019-06-01,Centro-Oeste,MT,5208063,4867974,340089,6.53,1726.1,Indústria,39806,6.32,Baixo
2019,2,2019-06-01,Centro-Oeste,MS,4169796,3979466,190330,4.56,3290.3,Construção,36153,2.34,Baixo
2019,2,2019-06-01,Sudeste,SP,2026112,1920346,105766,5.22,2866.19,Indústria,15051,5.65,Baixo
2019,2,2019-06-01,Sudeste,RJ,1487798,1336645,151153,10.16,2995.36,Construção,3048,1.73,Alto
2019,2,2019-06-01,Sudeste,MG,1119882,1042688,77194,6.89,1976.16,Indústria,60354,4.12,Baixo
2019,2,2019-06-01,Sudeste,ES,3212977,2991901,221076,6.88,2931.87,Serviços,33790,3.09,Baixo
2019,2,2019-06-01,Sul,PR,709286,674753,34533,4.87,2773.54,Serviços,28082,8.44,Baixo
2019,2,2019-06-01,Sul,SC,351024,321704,29320,8.35,3813.93,Indústria,39517,4.98,Médio
2019,2,2019-06-01,Sul,RS,967336,912550,54786,5.66,2550.66,Agropecuária,59431,5.71,Baixo
2019,3,2019-09-01,Norte,AM,1178495,1077864,100631,8.54,2391.95,Construção,74649,5.65,Médio
2019,3,2019-09-01,Norte,PA,2209971,2009205,200766,9.08,2524.15,Agropecuária,7277,7.68,Médio
2019,3,2019-09-01,Norte,RO,3520395,3104310,416085,11.82,2479.3,Agropecuária,30072,4.49,Alto
2019,3,2019-09-01,Norte,TO,2593040,2399559,193481,7.46,2747.59,Comércio,38878,5.04,Médio
2019,3,2019-09-01,Nordeste,BA,997619,905139,92480,9.27,3244.72,Construção,78385,6.91,Médio
2019,3,2019-09-01,Nordeste,PE,805907,718533,87374,10.84,3290.6,Agropecuária,74549,8.52,Alto
2019,3,2019-09-01,Nordeste,CE,2565843,2221239,344604,13.43,3387.85,Indústria,86196,3.55,Alto
2019,3,2019-09-01,Nordeste,MA,4434324,3992613,441711,9.96,2165.13,Indústria,62934,2.68,Médio
2019,3,2019-09-01,Nordeste,PB,1566024,1374003,192021,12.26,3726.38,Comércio,2570,5.24,Alto
2019,3,2019-09-01,Centro-Oeste,DF,4612125,4250369,361756,7.84,4019.09,Comércio,8557,4.7,Médio
2019,3,2019-09-01,Centro-Oeste,GO,636754,597361,39393,6.19,2534.88,Serviços,11045,6.42,Baixo
2019,3,2019-09-01,Centro-Oeste,MT,2782309,2627647,154662,5.56,2302.33,Serviços,33226,4.88,Baixo
2019,3,2019-09-01,Centro-Oeste,MS,1505959,1425030,80929,5.37,3497.52,Comércio,65166,5.14,Baixo
2019,3,2019-09-01,Sudeste,SP,1304222,1206099,98123,7.52,4050.95,Agropecuária,1089,3.84,Médio
2019,3,2019-09-01,Sudeste,RJ,1881469,1694279,187190,9.95,2910.47,Construção,7354,5.35,Médio
2019,3,2019-09-01,Sudeste,MG,582381,536497,45884,7.88,1880.93,Construção,9484,2.82,Médio
2019,3,2019-09-01,Sudeste,ES,5623505,5014777,608728,10.82,1966.18,Agropecuária,5755,5.84,Alto
2019,3,2019-09-01,Sul,PR,5795092,5590803,204289,3.53,3261.97,Serviços,63557,7.07,Baixo
2019,3,2019-09-01,Sul,SC,1689941,1566352,123589,7.31,3154.24,Agropecuária,18534,6.51,Médio
2019,3,2019-09-01,Sul,RS,3408617,3194857,213760,6.27,3086.94,Comércio,35036,5.09,Baixo
2019,4,2019-12-01,Norte,AM,3242715,2845602,397113,12.25,2270.57,Serviços,37791,5.14,Alto
2019,4,2019-12-01,Norte,PA,1314080,1175853,138227,10.52,3122.57,Construção,59665,3.68,Alto
2019,4,2019-12-01,Norte,RO,2738160,2428046,310114,11.33,2281.41,Construção,20650,3.01,Alto
2019,4,2019-12-01,Norte,TO,4681379,4217984,463395,9.9,1823.92,Comércio,60401,2.74,Médio
2019,4,2019-12-01,Nordeste,BA,4941636,4402681,538955,10.91,3158.36,Indústria,78101,5.06,Alto
2019,4,2019-12-01,Nordeste,PE,2926360,2546514,379846,12.98,3121.26,Comércio,62900,5.22,Alto
2019,4,2019-12-01,Nordeste,CE,4431442,4073840,357602,8.07,2667.2,Serviços,71144,7.24,Médio
2019,4,2019-12-01,Nordeste,MA,5262536,4593598,668938,12.71,2819.75,Indústria,71651,5.87,Alto
2019,4,2019-12-01,Nordeste,PB,4398517,3863870,534647,12.16,3375.86,Serviços,67391,6.71,Alto
2019,4,2019-12-01,Centro-Oeste,DF,657316,612474,44842,6.82,3232.91,Agropecuária,21688,7.58,Baixo
2019,4,2019-12-01,Centro-Oeste,GO,1246864,1114510,132354,10.62,2367.65,Indústria,88515,4.27,Alto
2019,4,2019-12-01,Centro-Oeste,MT,4135629,3806061,329568,7.97,3002.11,Construção,34448,4.03,Médio
2019,4,2019-12-01,Centro-Oeste,MS,5895207,5558321,336886,5.71,3173.1,Construção,67201,5.29,Baixo
2019,4,2019-12-01,Sudeste,SP,5889427,5640170,249257,4.23,3324.04,Serviços,75145,3.69,Baixo
2019,4,2019-12-01,Sudeste,RJ,4957912,4631473,326439,6.58,3322.62,Agropecuária,89114,5.19,Baixo
2019,4,2019-12-01,Sudeste,MG,1152399,1071903,80496,6.99,2932.37,Serviços,67849,4.71,Baixo
2019,4,2019-12-01,Sudeste,ES,1175162,1075563,99599,8.48,3636.57,Agropecuária,47892,5.06,Médio
2019,4,2019-12-01,Sul,PR,4140820,3884614,256206,6.19,3336.02,Comércio,3696,5.0,Baixo
2019,4,2019-12-01,Sul,SC,5150410,4843109,307301,5.97,2639.88,Agropecuária,21912,5.52,Baixo
2019,4,2019-12-01,Sul,RS,4761853,4474442,287411,6.04,3298.77,Agropecuária,79401,3.28,Baixo
2020,1,2020-03-01,Norte,AM,5285927,4675800,610127,11.54,2992.45,Construção,84396,5.26,Alto
2020,1,2020-03-01,Norte,PA,867388,746542,120846,13.93,3220.27,Serviços,68995,2.67,Alto
2020,1,2020-03-01,Norte,RO,367787,329033,38754,10.54,3334.9,Comércio,12245,4.89,Alto
2020,1,2020-03-01,Norte,TO,2122504,1784847,337657,15.91,3214.01,Serviços,61953,6.64,Crítico
2020,1,2020-03-01,Nordeste,BA,5168967,4427303,741664,14.35,2366.13,Indústria,56842,6.04,Crítico
2020,1,2020-03-01,Nordeste,PE,3320157,2871282,448875,13.52,2871.23,Construção,86708,5.32,Alto
2020,1,2020-03-01,Nordeste,CE,802577,677663,124914,15.56,3130.23,Agropecuária,78169,7.25,Crítico
2020,1,2020-03-01,Nordeste,MA,2187740,1853909,333831,15.26,3335.09,Agropecuária,31987,4.19,Crítico
2020,1,2020-03-01,Nordeste,PB,3539180,2916400,622780,17.6,3058.44,Serviços,44379,2.82,Crítico
2020,1,2020-03-01,Centro-Oeste,DF,1501177,1342938,158239,10.54,3795.29,Comércio,63001,3.59,Alto
2020,1,2020-03-01,Centro-Oeste,GO,5629621,5153804,475817,8.45,3833.46,Comércio,48517,4.72,Médio
2020,1,2020-03-01,Centro-Oeste,MT,4453252,4060935,392317,8.81,2331.47,Indústria,14201,4.34,Médio
2020,1,2020-03-01,Centro-Oeste,MS,1852843,1698963,153880,8.31,2931.17,Agropecuária,44919,5.8,Médio
2020,1,2020-03-01,Sudeste,SP,3424523,3132272,292251,8.53,2775.96,Comércio,87829,1.29,Médio
2020,1,2020-03-01,Sudeste,RJ,1865884,1762666,103218,5.53,3514.18,Indústria,13112,4.05,Baixo
2020,1,2020-03-01,Sudeste,MG,4232097,3886008,346089,8.18,2606.41,Indústria,32983,6.19,Médio
2020,1,2020-03-01,Sudeste,ES,4854604,4396333,458271,9.44,2812.01,Indústria,36871,1.13,Médio
2020,1,2020-03-01,Sul,PR,2189656,2018519,171137,7.82,3293.12,Construção,13639,5.29,Médio
2020,1,2020-03-01,Sul,SC,438207,404710,33497,7.64,3487.64,Construção,26291,6.19,Médio
2020,1,2020-03-01,Sul,RS,852070,770068,82002,9.62,3626.44,Comércio,18038,6.47,Médio
2020,2,2020-06-01,Norte,AM,3982915,3506200,476715,11.97,3501.23,Construção,85516,3.74,Alto
2020,2,2020-06-01,Norte,PA,4290115,3850178,439937,10.25,2236.16,Serviços,17256,4.53,Alto
2020,2,2020-06-01,Norte,RO,2397501,2107018,290483,12.12,2453.59,Construção,33662,3.64,Alto
2020,2,2020-06-01,Norte,TO,4805565,4194027,611538,12.73,2390.0,Serviços,40325,8.33,Alto
2020,2,2020-06-01,Nordeste,BA,513443,440201,73242,14.27,2548.62,Construção,15165,6.42,Crítico
2020,2,2020-06-01,Nordeste,PE,541081,446988,94093,17.39,2300.46,Serviços,29407,4.64,Crítico
2020,2,2020-06-01,Nordeste,CE,2948332,2497466,450866,15.29,3546.72,Construção,64050,6.12,Crítico
2020,2,2020-06-01,Nordeste,MA,1599665,1405588,194077,12.13,2859.21,Comércio,2438,5.37,Alto
2020,2,2020-06-01,Nordeste,PB,3731474,3263909,467565,12.53,2015.6,Serviços,11429,5.74,Alto
2020,2,2020-06-01,Centro-Oeste,DF,373027,340694,32333,8.67,2680.62,Agropecuária,32040,6.68,Médio
2020,2,2020-06-01,Centro-Oeste,GO,5482428,4753309,729119,13.3,2999.3,Serviços,58534,7.18,Alto
2020,2,2020-06-01,Centro-Oeste,MT,5358690,4956960,401730,7.5,2934.3,Comércio,32228,6.81,Médio
2020,2,2020-06-01,Centro-Oeste,MS,3761066,3352150,408916,10.87,2158.91,Construção,3691,3.23,Alto
2020,2,2020-06-01,Sudeste,SP,3229379,2824429,404950,12.54,2772.21,Agropecuária,31922,8.06,Alto
2020,2,2020-06-01,Sudeste,RJ,5337305,4726575,610730,11.44,1871.66,Indústria,40425,4.61,Alto
2020,2,2020-06-01,Sudeste,MG,4673782,4146890,526892,11.27,2929.08,Agropecuária,56037,4.18,Alto
2020,2,2020-06-01,Sudeste,ES,4046237,3500564,545673,13.49,2102.0,Serviços,19070,6.53,Alto
2020,2,2020-06-01,Sul,PR,3061583,2733535,328048,10.71,3680.95,Comércio,68984,6.45,Alto
2020,2,2020-06-01,Sul,SC,4861504,4483120,378384,7.78,2348.15,Construção,29468,2.55,Médio
2020,2,2020-06-01,Sul,RS,705563,670415,35148,4.98,1853.45,Construção,70127,5.39,Baixo
2020,3,2020-09-01,Norte,AM,4390454,3772206,618248,14.08,2323.06,Construção,11635,6.35,Crítico
2020,3,2020-09-01,Norte,PA,4903934,4327485,576449,11.75,2900.04,Indústria,82489,4.63,Alto
2020,3,2020-09-01,Norte,RO,4024474,3651885,372589,9.26,3245.41,Agropecuária,40102,6.32,Médio
2020,3,2020-09-01,Norte,TO,607310,493236,114074,18.78,3358.14,Agropecuária,9674,4.78,Crítico
2020,3,2020-09-01,Nordeste,BA,4060177,3437710,622467,15.33,3115.59,Serviços,27899,4.54,Crítico
2020,3,2020-09-01,Nordeste,PE,5624342,4926927,697415,12.4,1774.59,Agropecuária,74107,1.54,Alto
2020,3,2020-09-01,Nordeste,CE,1197028,983689,213339,17.82,2835.75,Serviços,4080,6.15,Crítico
2020,3,2020-09-01,Nordeste,MA,2279701,1947001,332700,14.59,1872.26,Indústria,10603,4.78,Crítico
2020,3,2020-09-01,Nordeste,PB,3744248,3171838,572410,15.29,2557.78,Indústria,49054,6.32,Crítico
2020,3,2020-09-01,Centro-Oeste,DF,5172505,4780943,391562,7.57,2668.24,Comércio,66763,5.19,Médio
2020,3,2020-09-01,Centro-Oeste,GO,2230738,2042599,188139,8.43,2682.19,Construção,80394,6.51,Médio
2020,3,2020-09-01,Centro-Oeste,MT,2211966,1963420,248546,11.24,2185.55,Construção,82563,1.98,Alto
2020,3,2020-09-01,Centro-Oeste,MS,1801810,1643143,158667,8.81,2265.94,Agropecuária,15912,5.95,Médio
2020,3,2020-09-01,Sudeste,SP,5431051,4798816,632235,11.64,3081.07,Serviços,84090,6.35,Alto
2020,3,2020-09-01,Sudeste,RJ,2690966,2388688,302278,11.23,2868.71,Indústria,89285,5.08,Alto
2020,3,2020-09-01,Sudeste,MG,2573237,2220871,352366,13.69,3199.05,Construção,48515,4.59,Alto
2020,3,2020-09-01,Sudeste,ES,2486342,2261533,224809,9.04,2602.02,Indústria,74434,4.71,Médio
2020,3,2020-09-01,Sul,PR,3256390,3001401,254989,7.83,2100.93,Serviços,1638,5.44,Médio
2020,3,2020-09-01,Sul,SC,2744277,2467011,277266,10.1,2489.5,Indústria,1575,4.28,Alto
2020,3,2020-09-01,Sul,RS,1413406,1297302,116104,8.21,2879.03,Agropecuária,54607,6.52,Médio
2020,4,2020-12-01,Norte,AM,2589593,2240772,348821,13.47,2934.93,Agropecuária,20672,5.64,Alto
2020,4,2020-12-01,Norte,PA,4251314,3817860,433454,10.2,3378.59,Serviços,42327,4.55,Alto
2020,4,2020-12-01,Norte,RO,1422905,1233905,189000,13.28,2847.79,Indústria,64290,3.49,Alto
2020,4,2020-12-01,Norte,TO,2230988,1918827,312161,13.99,2827.34,Comércio,51155,5.85,Alto
2020,4,2020-12-01,Nordeste,BA,4028710,3508947,519763,12.9,3191.93,Construção,4292,4.37,Alto
2020,4,2020-12-01,Nordeste,PE,3825635,3408245,417390,10.91,3127.55,Comércio,31155,5.51,Alto
2020,4,2020-12-01,Nordeste,CE,4967570,4147323,820247,16.51,2111.92,Agropecuária,84060,4.13,Crítico
2020,4,2020-12-01,Nordeste,MA,2660473,2318906,341567,12.84,3530.93,Construção,63709,6.99,Alto
2020,4,2020-12-01,Nordeste,PB,1151215,1003016,148199,12.87,3116.85,Comércio,51007,2.52,Alto
2020,4,2020-12-01,Centro-Oeste,DF,4373432,4063659,309773,7.08,1850.44,Comércio,24762,3.63,Médio
2020,4,2020-12-01,Centro-Oeste,GO,350315,303123,47192,13.47,3060.39,Serviços,59689,4.1,Alto
2020,4,2020-12-01,Centro-Oeste,MT,5762273,5029543,732730,12.72,3738.41,Comércio,10021,6.38,Alto
2020,4,2020-12-01,Centro-Oeste,MS,4455757,3958027,497730,11.17,1696.5,Construção,87740,6.11,Alto
2020,4,2020-12-01,Sudeste,SP,1770641,1593339,177302,10.01,2859.41,Indústria,5249,4.21,Alto
2020,4,2020-12-01,Sudeste,RJ,4038956,3604966,433990,10.75,2343.46,Construção,21999,3.52,Alto
2020,4,2020-12-01,Sudeste,MG,2273944,2072896,201048,8.84,2982.92,Construção,38379,8.34,Médio
2020,4,2020-12-01,Sudeste,ES,693896,622638,71258,10.27,3105.53,Comércio,4183,7.71,Alto
2020,4,2020-12-01,Sul,PR,3152627,2888530,264097,8.38,3674.31,Serviços,28804,6.1,Médio
2020,4,2020-12-01,Sul,SC,2788166,2650709,137457,4.93,2509.59,Construção,11200,3.78,Baixo
2020,4,2020-12-01,Sul,RS,4938983,4758791,180192,3.65,3070.46,Construção,73593,4.31,Baixo
2021,1,2021-03-01,Norte,AM,1653535,1519909,133626,8.08,3364.26,Construção,60989,7.25,Médio
2021,1,2021-03-01,Norte,PA,714031,640352,73679,10.32,2800.77,Indústria,3494,4.89,Alto
2021,1,2021-03-01,Norte,RO,3582755,3217994,364761,10.18,2398.8,Comércio,65027,1.6,Alto
2021,1,2021-03-01,Norte,TO,2413028,2156470,256558,10.63,2631.75,Serviços,45302,5.04,Alto
2021,1,2021-03-01,Nordeste,BA,2483068,2124309,358759,14.45,2657.63,Comércio,59749,5.02,Crítico
2021,1,2021-03-01,Nordeste,PE,2829691,2411178,418513,14.79,2168.22,Comércio,60979,2.73,Crítico
2021,1,2021-03-01,Nordeste,CE,531921,448456,83465,15.69,2298.7,Agropecuária,56097,7.56,Crítico
2021,1,2021-03-01,Nordeste,MA,3015308,2582752,432556,14.35,2621.34,Indústria,18487,3.97,Crítico
2021,1,2021-03-01,Nordeste,PB,5051643,4335020,716623,14.19,2558.22,Indústria,87075,5.11,Crítico
2021,1,2021-03-01,Centro-Oeste,DF,2916597,2662499,254098,8.71,3007.29,Comércio,20307,2.97,Médio
2021,1,2021-03-01,Centro-Oeste,GO,1070006,949916,120090,11.22,2598.63,Indústria,14134,0.17,Alto
2021,1,2021-03-01,Centro-Oeste,MT,1723455,1526094,197361,11.45,2842.81,Serviços,72210,4.38,Alto
2021,1,2021-03-01,Centro-Oeste,MS,3757400,3410906,346494,9.22,2090.09,Comércio,50726,5.13,Médio
2021,1,2021-03-01,Sudeste,SP,4127375,3726784,400591,9.71,2862.39,Serviços,68631,6.47,Médio
2021,1,2021-03-01,Sudeste,RJ,5171037,4505117,665920,12.88,3208.69,Construção,70791,2.65,Alto
2021,1,2021-03-01,Sudeste,MG,2714026,2389803,324223,11.95,3273.84,Serviços,82614,3.57,Alto
2021,1,2021-03-01,Sudeste,ES,4908457,4406075,502382,10.24,2778.64,Agropecuária,62482,4.06,Alto
2021,1,2021-03-01,Sul,PR,5915695,5321207,594488,10.05,2158.58,Construção,87673,3.96,Alto
2021,1,2021-03-01,Sul,SC,3134674,2984016,150658,4.81,3229.32,Construção,55340,5.07,Baixo
2021,1,2021-03-01,Sul,RS,2546997,2300628,246369,9.67,3147.71,Indústria,69338,4.04,Médio
2021,2,2021-06-01,Norte,AM,4008760,3628453,380307,9.49,3043.36,Indústria,67846,4.55,Médio
2021,2,2021-06-01,Norte,PA,1553237,1339667,213570,13.75,2759.94,Serviços,15747,2.43,Alto
2021,2,2021-06-01,Norte,RO,4929607,4307822,621785,12.61,1784.56,Construção,13266,4.12,Alto
2021,2,2021-06-01,Norte,TO,5488531,4701369,787162,14.34,2870.21,Indústria,87184,2.5,Crítico
2021,2,2021-06-01,Nordeste,BA,2392666,2008016,384650,16.08,1974.16,Comércio,50361,4.76,Crítico
2021,2,2021-06-01,Nordeste,PE,3854591,3389527,465064,12.07,2652.24,Construção,14640,3.66,Alto
2021,2,2021-06-01,Nordeste,CE,2543944,2151739,392205,15.42,2459.76,Serviços,17754,5.7,Crítico
2021,2,2021-06-01,Nordeste,MA,589624,507512,82112,13.93,3132.54,Construção,11528,4.38,Alto
2021,2,2021-06-01,Nordeste,PB,3500037,2996673,503364,14.38,3355.34,Agropecuária,17465,6.25,Crítico
2021,2,2021-06-01,Centro-Oeste,DF,2805401,2553366,252035,8.98,3022.85,Comércio,86270,5.77,Médio
2021,2,2021-06-01,Centro-Oeste,GO,1030600,904631,125969,12.22,3289.56,Serviços,24309,2.83,Alto
2021,2,2021-06-01,Centro-Oeste,MT,923747,813157,110590,11.97,2805.49,Construção,45346,6.76,Alto
2021,2,2021-06-01,Centro-Oeste,MS,1425333,1326223,99110,6.95,2985.27,Agropecuária,11865,6.58,Baixo
2021,2,2021-06-01,Sudeste,SP,5508198,5181580,326618,5.93,3211.01,Serviços,44002,5.67,Baixo
2021,2,2021-06-01,Sudeste,RJ,1608120,1450099,158021,9.83,3212.43,Agropecuária,8263,6.53,Médio
2021,2,2021-06-01,Sudeste,MG,5557058,4776009,781049,14.06,2093.27,Construção,71191,3.92,Crítico
2021,2,2021-06-01,Sudeste,ES,5672873,5171159,501714,8.84,3615.11,Indústria,83197,6.97,Médio
2021,2,2021-06-01,Sul,PR,4200147,3847943,352204,8.39,2413.94,Construção,71594,3.48,Médio
2021,2,2021-06-01,Sul,SC,3491797,3247439,244358,7.0,1858.61,Agropecuária,50345,5.83,Baixo
2021,2,2021-06-01,Sul,RS,5021022,4531590,489432,9.75,2927.91,Indústria,54457,4.12,Médio
2021,3,2021-09-01,Norte,AM,5417188,4820344,596844,11.02,2836.99,Construção,85435,6.23,Alto
2021,3,2021-09-01,Norte,PA,5257637,4444800,812837,15.46,2597.32,Indústria,53987,6.81,Crítico
2021,3,2021-09-01,Norte,RO,4562933,3949168,613765,13.45,2436.83,Agropecuária,45008,3.52,Alto
2021,3,2021-09-01,Norte,TO,2012111,1801815,210296,10.45,2137.31,Agropecuária,65473,7.25,Alto
2021,3,2021-09-01,Nordeste,BA,4422324,3730009,692315,15.66,3970.3,Indústria,39078,5.08,Crítico
2021,3,2021-09-01,Nordeste,PE,4966803,4108788,858015,17.28,3596.87,Comércio,22240,8.27,Crítico
2021,3,2021-09-01,Nordeste,CE,4839612,4165005,674607,13.94,2245.21,Construção,62080,2.53,Alto
2021,3,2021-09-01,Nordeste,MA,2351109,1988160,362949,15.44,2631.01,Indústria,1108,5.49,Crítico
2021,3,2021-09-01,Nordeste,PB,3010377,2534254,476123,15.82,2947.25,Serviços,29006,3.36,Crítico
2021,3,2021-09-01,Centro-Oeste,DF,3050567,2753983,296584,9.72,2427.35,Construção,67210,5.29,Médio
2021,3,2021-09-01,Centro-Oeste,GO,2408494,2137718,270776,11.24,3254.16,Comércio,63396,4.45,Alto
2021,3,2021-09-01,Centro-Oeste,MT,5004419,4619956,384463,7.68,3256.6,Construção,85334,4.54,Médio
2021,3,2021-09-01,Centro-Oeste,MS,799652,725006,74646,9.33,3149.0,Agropecuária,60910,7.43,Médio
2021,3,2021-09-01,Sudeste,SP,1737911,1488029,249882,14.38,2129.1,Indústria,88726,5.4,Crítico
2021,3,2021-09-01,Sudeste,RJ,1691999,1482139,209860,12.4,2830.2,Comércio,50253,7.14,Alto
2021,3,2021-09-01,Sudeste,MG,5891457,5266982,624475,10.6,1704.63,Construção,23062,2.07,Alto
2021,3,2021-09-01,Sudeste,ES,3209133,3000426,208707,6.5,2118.73,Comércio,88900,3.7,Baixo
2021,3,2021-09-01,Sul,PR,3645372,3306760,338612,9.29,3348.93,Indústria,53888,5.5,Médio
2021,3,2021-09-01,Sul,SC,3762510,3510225,252285,6.71,2423.18,Indústria,77920,4.75,Baixo
2021,3,2021-09-01,Sul,RS,2983095,2780088,203007,6.81,2786.94,Indústria,13925,2.63,Baixo
2021,4,2021-12-01,Norte,AM,3218074,2723333,494741,15.37,2547.95,Agropecuária,39853,-1.06,Crítico
2021,4,2021-12-01,Norte,PA,4124945,3718786,406159,9.85,3086.33,Indústria,48953,5.65,Médio
2021,4,2021-12-01,Norte,RO,502879,423011,79868,15.88,3092.08,Indústria,48845,7.04,Crítico
2021,4,2021-12-01,Norte,TO,4667612,4141298,526314,11.28,3654.21,Serviços,43273,3.42,Alto
2021,4,2021-12-01,Nordeste,BA,4028455,3319613,708842,17.6,3082.49,Construção,64129,4.1,Crítico
2021,4,2021-12-01,Nordeste,PE,4293994,3740867,553127,12.88,1936.81,Comércio,20890,4.17,Alto
2021,4,2021-12-01,Nordeste,CE,4478574,3697403,781171,17.44,2932.21,Comércio,85071,4.38,Crítico
2021,4,2021-12-01,Nordeste,MA,3975111,3564624,410487,10.33,3117.72,Indústria,72176,6.33,Alto
2021,4,2021-12-01,Nordeste,PB,2385912,1968279,417633,17.5,3372.25,Comércio,74071,3.97,Crítico
2021,4,2021-12-01,Centro-Oeste,DF,1795060,1652867,142193,7.92,2349.7,Agropecuária,28498,5.84,Médio
2021,4,2021-12-01,Centro-Oeste,GO,735469,664960,70509,9.59,2533.17,Construção,49065,7.81,Médio
2021,4,2021-12-01,Centro-Oeste,MT,1781780,1565021,216759,12.17,2667.87,Serviços,64324,4.12,Alto
2021,4,2021-12-01,Centro-Oeste,MS,3955274,3517604,437670,11.07,2213.24,Agropecuária,10616,2.56,Alto
2021,4,2021-12-01,Sudeste,SP,3116085,2731393,384692,12.35,2352.08,Serviços,1834,5.56,Alto
2021,4,2021-12-01,Sudeste,RJ,5336493,4806334,530159,9.93,2101.3,Indústria,59099,3.32,Médio
2021,4,2021-12-01,Sudeste,MG,5385305,4893173,492132,9.14,2589.03,Indústria,51946,4.87,Médio
2021,4,2021-12-01,Sudeste,ES,5274212,4815117,459095,8.7,4344.18,Construção,34281,3.56,Médio
2021,4,2021-12-01,Sul,PR,4104973,3810389,294584,7.18,2923.06,Construção,11036,5.66,Médio
2021,4,2021-12-01,Sul,SC,1985644,1830218,155426,7.83,2430.42,Comércio,86601,2.73,Médio
2021,4,2021-12-01,Sul,RS,3138109,2813973,324136,10.33,2884.45,Indústria,32055,6.62,Alto
2022,1,2022-03-01,Norte,AM,3330567,3053751,276816,8.31,3524.16,Comércio,30017,5.31,Médio
2022,1,2022-03-01,Norte,PA,1278160,1185228,92932,7.27,2319.97,Agropecuária,48636,5.7,Médio
2022,1,2022-03-01,Norte,RO,1451686,1305280,146406,10.09,2438.7,Comércio,84403,5.22,Alto
2022,1,2022-03-01,Norte,TO,604876,550901,53975,8.92,2540.5,Indústria,75694,1.72,Médio
2022,1,2022-03-01,Nordeste,BA,5374539,4675801,698738,13.0,3309.27,Agropecuária,79634,4.88,Alto
2022,1,2022-03-01,Nordeste,PE,2842782,2499331,343451,12.08,4066.43,Construção,54517,3.58,Alto
2022,1,2022-03-01,Nordeste,CE,3213423,2791139,422284,13.14,2298.96,Indústria,43941,6.06,Alto
2022,1,2022-03-01,Nordeste,MA,1875922,1634108,241814,12.89,2598.86,Serviços,78517,5.25,Alto
2022,1,2022-03-01,Nordeste,PB,721893,653244,68649,9.51,3533.93,Indústria,1757,4.81,Médio
2022,1,2022-03-01,Centro-Oeste,DF,5169892,4792149,377743,7.31,3892.02,Serviços,78820,4.76,Médio
2022,1,2022-03-01,Centro-Oeste,GO,4239404,3915906,323498,7.63,2129.55,Indústria,6109,4.6,Médio
2022,1,2022-03-01,Centro-Oeste,MT,4014175,3820237,193938,4.83,2442.96,Serviços,17432,6.22,Baixo
2022,1,2022-03-01,Centro-Oeste,MS,4636643,4281400,355243,7.66,2175.89,Comércio,72101,6.02,Médio
2022,1,2022-03-01,Sudeste,SP,4156114,3881275,274839,6.61,2911.47,Construção,48602,8.47,Baixo
2022,1,2022-03-01,Sudeste,RJ,3777345,3618826,158519,4.2,1623.34,Indústria,31766,6.46,Baixo
2022,1,2022-03-01,Sudeste,MG,5016050,4557937,458113,9.13,2937.52,Construção,43882,5.31,Médio
2022,1,2022-03-01,Sudeste,ES,5517632,5217039,300593,5.45,2916.66,Construção,67926,3.87,Baixo
2022,1,2022-03-01,Sul,PR,2681694,2518306,163388,6.09,3666.39,Indústria,63296,5.29,Baixo
2022,1,2022-03-01,Sul,SC,3890135,3760402,129733,3.33,3734.67,Indústria,66354,4.61,Baixo
2022,1,2022-03-01,Sul,RS,4816927,4613951,202976,4.21,2468.47,Construção,82561,5.2,Baixo
2022,2,2022-06-01,Norte,AM,4201323,3764634,436689,10.39,3845.3,Indústria,3394,6.47,Alto
2022,2,2022-06-01,Norte,PA,2037358,1841018,196340,9.64,2671.3,Construção,40715,5.37,Médio
2022,2,2022-06-01,Norte,RO,2177931,1999765,178166,8.18,3996.9,Agropecuária,30539,4.21,Médio
2022,2,2022-06-01,Norte,TO,1886310,1727646,158664,8.41,3644.15,Indústria,48358,3.02,Médio
2022,2,2022-06-01,Nordeste,BA,5656468,4854505,801963,14.18,3586.51,Agropecuária,11419,5.31,Crítico
2022,2,2022-06-01,Nordeste,PE,4151476,3737063,414413,9.98,2816.2,Comércio,32832,4.91,Médio
2022,2,2022-06-01,Nordeste,CE,1114334,1000709,113625,10.2,2954.82,Serviços,16151,2.7,Alto
2022,2,2022-06-01,Nordeste,MA,950431,828527,121904,12.83,1954.25,Comércio,9001,3.34,Alto
2022,2,2022-06-01,Nordeste,PB,439775,381248,58527,13.31,2108.42,Serviços,69978,6.52,Alto
2022,2,2022-06-01,Centro-Oeste,DF,1296702,1182866,113836,8.78,2631.92,Indústria,30856,4.92,Médio
2022,2,2022-06-01,Centro-Oeste,GO,3397522,3066904,330618,9.73,3813.28,Agropecuária,4094,5.62,Médio
2022,2,2022-06-01,Centro-Oeste,MT,3935801,3551527,384274,9.76,3176.22,Comércio,9250,4.29,Médio
2022,2,2022-06-01,Centro-Oeste,MS,881743,813046,68697,7.79,3186.08,Indústria,42748,4.2,Médio
2022,2,2022-06-01,Sudeste,SP,1295190,1200681,94509,7.3,4167.35,Serviços,83545,6.57,Médio
2022,2,2022-06-01,Sudeste,RJ,5680633,5060056,620577,10.92,3537.43,Agropecuária,62134,2.65,Alto
2022,2,2022-06-01,Sudeste,MG,3901820,3556075,345745,8.86,3046.69,Serviços,52003,4.75,Médio
2022,2,2022-06-01,Sudeste,ES,1414153,1312104,102049,7.22,2290.45,Construção,5761,3.53,Médio
2022,2,2022-06-01,Sul,PR,3456932,3225027,231905,6.71,2102.66,Comércio,67007,7.79,Baixo
2022,2,2022-06-01,Sul,SC,4188052,3914352,273700,6.54,3363.3,Agropecuária,35147,2.91,Baixo
2022,2,2022-06-01,Sul,RS,4425726,4045690,380036,8.59,2507.06,Comércio,57099,6.11,Médio
2022,3,2022-09-01,Norte,AM,2402267,2225504,176763,7.36,3151.08,Agropecuária,65162,4.59,Médio
2022,3,2022-09-01,Norte,PA,1256404,1133179,123225,9.81,3033.38,Agropecuária,20231,6.98,Médio
2022,3,2022-09-01,Norte,RO,1243385,1124532,118853,9.56,3088.39,Indústria,78646,7.13,Médio
2022,3,2022-09-01,Norte,TO,4790406,4175928,614478,12.83,2654.97,Comércio,2727,6.08,Alto
2022,3,2022-09-01,Nordeste,BA,4448249,3813568,634681,14.27,2883.49,Construção,50222,5.15,Crítico
2022,3,2022-09-01,Nordeste,PE,1965359,1697557,267802,13.63,3308.31,Serviços,62205,4.68,Alto
2022,3,2022-09-01,Nordeste,CE,4665842,4085191,580651,12.44,2807.22,Serviços,77532,3.04,Alto
2022,3,2022-09-01,Nordeste,MA,2425174,2132943,292231,12.05,2416.59,Indústria,79853,4.58,Alto
2022,3,2022-09-01,Nordeste,PB,5437286,4514185,923101,16.98,3321.46,Construção,13097,8.0,Crítico
2022,3,2022-09-01,Centro-Oeste,DF,2505603,2334274,171329,6.84,3400.39,Agropecuária,54215,5.08,Baixo
2022,3,2022-09-01,Centro-Oeste,GO,1928216,1751219,176997,9.18,3085.37,Construção,71895,4.97,Médio
2022,3,2022-09-01,Centro-Oeste,MT,1780667,1682822,97845,5.49,2467.09,Serviços,10236,2.85,Baixo
2022,3,2022-09-01,Centro-Oeste,MS,4238258,3838961,399297,9.42,3198.83,Construção,19752,5.92,Médio
2022,3,2022-09-01,Sudeste,SP,5097030,4615168,481862,9.45,2974.98,Comércio,72474,3.93,Médio
2022,3,2022-09-01,Sudeste,RJ,5998009,5363969,634040,10.57,3068.46,Serviços,44885,3.95,Alto
2022,3,2022-09-01,Sudeste,MG,5119392,4812942,306450,5.99,3770.82,Indústria,29739,3.81,Baixo
2022,3,2022-09-01,Sudeste,ES,5354079,4953238,400841,7.49,4144.37,Serviços,19651,4.37,Médio
2022,3,2022-09-01,Sul,PR,2095976,2033097,62879,3.0,2897.59,Agropecuária,57593,5.78,Baixo
2022,3,2022-09-01,Sul,SC,5997495,5517271,480224,8.01,2751.89,Serviços,57237,2.72,Médio
2022,3,2022-09-01,Sul,RS,2824270,2634508,189762,6.72,2386.92,Agropecuária,34426,6.04,Baixo
2022,4,2022-12-01,Norte,AM,4386864,3939142,447722,10.21,2961.55,Agropecuária,55727,6.28,Alto
2022,4,2022-12-01,Norte,PA,561263,496687,64576,11.51,2117.09,Indústria,77816,6.03,Alto
2022,4,2022-12-01,Norte,RO,1530246,1390950,139296,9.1,3402.89,Agropecuária,70117,1.46,Médio
2022,4,2022-12-01,Norte,TO,4411823,4044412,367411,8.33,2629.5,Agropecuária,78662,4.32,Médio
2022,4,2022-12-01,Nordeste,BA,614767,536773,77994,12.69,2557.31,Serviços,39875,4.35,Alto
2022,4,2022-12-01,Nordeste,PE,4327469,3840414,487055,11.25,2626.85,Indústria,85425,6.57,Alto
2022,4,2022-12-01,Nordeste,CE,4496756,3947834,548922,12.21,1352.49,Serviços,37784,4.38,Alto
2022,4,2022-12-01,Nordeste,MA,5657343,4880247,777096,13.74,2679.53,Comércio,76862,5.4,Alto
2022,4,2022-12-01,Nordeste,PB,1771155,1541943,229212,12.94,3339.34,Construção,47643,4.59,Alto
2022,4,2022-12-01,Centro-Oeste,DF,2272752,2119401,153351,6.75,2556.58,Construção,2294,6.79,Baixo
2022,4,2022-12-01,Centro-Oeste,GO,1063104,953342,109762,10.32,3536.28,Comércio,31226,5.19,Alto
2022,4,2022-12-01,Centro-Oeste,MT,5616952,5448444,168508,3.0,2975.63,Construção,39452,4.5,Baixo
2022,4,2022-12-01,Centro-Oeste,MS,5453684,5051053,402631,7.38,2765.24,Serviços,13294,3.53,Médio
2022,4,2022-12-01,Sudeste,SP,3965605,3667257,298348,7.52,2960.13,Agropecuária,71095,1.89,Médio
2022,4,2022-12-01,Sudeste,RJ,2218871,2010441,208430,9.39,2410.77,Comércio,49848,2.26,Médio
2022,4,2022-12-01,Sudeste,MG,1853369,1735557,117812,6.36,3157.72,Indústria,51434,2.56,Baixo
2022,4,2022-12-01,Sudeste,ES,5940308,5380628,559680,9.42,3386.66,Agropecuária,4145,4.62,Médio
2022,4,2022-12-01,Sul,PR,4536057,4399976,136081,3.0,2198.84,Comércio,58359,6.98,Baixo
2022,4,2022-12-01,Sul,SC,5875535,5617593,257942,4.39,2047.31,Agropecuária,29569,4.26,Baixo
2022,4,2022-12-01,Sul,RS,1448391,1391805,56586,3.91,3487.07,Comércio,38643,4.19,Baixo
2023,1,2023-03-01,Norte,AM,1260821,1113148,147673,11.71,2890.61,Comércio,34708,4.36,Alto
2023,1,2023-03-01,Norte,PA,3605434,3117415,488019,13.54,2028.71,Serviços,39598,6.9,Alto
2023,1,2023-03-01,Norte,RO,4445939,3928292,517647,11.64,2771.57,Indústria,52333,5.65,Alto
2023,1,2023-03-01,Norte,TO,4336860,3882468,454392,10.48,1911.76,Indústria,54979,5.7,Alto
2023,1,2023-03-01,Nordeste,BA,4134629,3695808,438821,10.61,3162.55,Construção,68897,5.26,Alto
2023,1,2023-03-01,Nordeste,PE,4687723,4050574,637149,13.59,1972.32,Construção,4417,3.9,Alto
2023,1,2023-03-01,Nordeste,CE,2668001,2347353,320648,12.02,3457.6,Comércio,44252,5.47,Alto
2023,1,2023-03-01,Nordeste,MA,405676,355270,50406,12.43,2490.85,Serviços,76225,2.46,Alto
2023,1,2023-03-01,Nordeste,PB,4881251,4364682,516569,10.58,2518.03,Construção,42814,2.84,Alto
2023,1,2023-03-01,Centro-Oeste,DF,932709,859484,73225,7.85,2997.96,Construção,69213,5.81,Médio
2023,1,2023-03-01,Centro-Oeste,GO,4240768,3829065,411703,9.71,2379.62,Comércio,10438,4.82,Médio
2023,1,2023-03-01,Centro-Oeste,MT,1790037,1662154,127883,7.14,3872.0,Serviços,59965,5.07,Médio
2023,1,2023-03-01,Centro-Oeste,MS,5604078,5232476,371602,6.63,2268.63,Comércio,50338,3.11,Baixo
2023,1,2023-03-01,Sudeste,SP,3745032,3374180,370852,9.9,3382.29,Construção,31840,2.91,Médio
2023,1,2023-03-01,Sudeste,RJ,2240824,2087460,153364,6.84,2414.99,Indústria,44651,5.07,Baixo
2023,1,2023-03-01,Sudeste,MG,4399556,4198160,201396,4.58,1371.37,Construção,53966,4.48,Baixo
2023,1,2023-03-01,Sudeste,ES,3553888,3101707,452181,12.72,2859.73,Comércio,20789,4.23,Alto
2023,1,2023-03-01,Sul,PR,1814004,1673670,140334,7.74,3334.33,Agropecuária,29339,6.61,Médio
2023,1,2023-03-01,Sul,SC,742211,684945,57266,7.72,1948.15,Comércio,56897,5.0,Médio
2023,1,2023-03-01,Sul,RS,4285733,4049123,236610,5.52,3220.02,Comércio,74932,4.08,Baixo
2023,2,2023-06-01,Norte,AM,5036310,4391956,644354,12.79,3543.31,Comércio,21965,3.01,Alto
2023,2,2023-06-01,Norte,PA,3147840,2925403,222437,7.07,2178.08,Comércio,51351,7.28,Médio
2023,2,2023-06-01,Norte,RO,4694511,4306660,387851,8.26,3291.51,Construção,6022,4.1,Médio
2023,2,2023-06-01,Norte,TO,703041,652211,50830,7.23,1924.3,Serviços,40336,4.87,Médio
2023,2,2023-06-01,Nordeste,BA,2763486,2469464,294022,10.64,2956.76,Construção,46474,3.18,Alto
2023,2,2023-06-01,Nordeste,PE,5256073,4616997,639076,12.16,2259.99,Agropecuária,51454,4.45,Alto
2023,2,2023-06-01,Nordeste,CE,3435992,2974218,461774,13.44,3036.98,Serviços,32786,4.1,Alto
2023,2,2023-06-01,Nordeste,MA,4195700,3668624,527076,12.56,2694.53,Comércio,9640,6.03,Alto
2023,2,2023-06-01,Nordeste,PB,4815920,4153098,662822,13.76,3672.12,Agropecuária,30381,5.19,Alto
2023,2,2023-06-01,Centro-Oeste,DF,1013431,965351,48080,4.74,2888.58,Indústria,55354,3.89,Baixo
2023,2,2023-06-01,Centro-Oeste,GO,4965635,4599758,365877,7.37,2396.09,Comércio,43081,6.99,Médio
2023,2,2023-06-01,Centro-Oeste,MT,5011096,4773553,237543,4.74,3439.8,Indústria,9117,7.32,Baixo
2023,2,2023-06-01,Centro-Oeste,MS,3081506,2774375,307131,9.97,3178.01,Construção,17992,5.31,Médio
2023,2,2023-06-01,Sudeste,SP,5444909,4935619,509290,9.35,3088.39,Agropecuária,43519,3.45,Médio
2023,2,2023-06-01,Sudeste,RJ,2032637,1901291,131346,6.46,3580.49,Agropecuária,54097,7.07,Baixo
2023,2,2023-06-01,Sudeste,MG,599775,557638,42137,7.03,4360.44,Comércio,4895,5.3,Médio
2023,2,2023-06-01,Sudeste,ES,5851227,5341398,509829,8.71,2891.44,Construção,84585,3.71,Médio
2023,2,2023-06-01,Sul,PR,2268649,2133574,135075,5.95,3114.53,Serviços,55159,5.02,Baixo
2023,2,2023-06-01,Sul,SC,1580954,1512289,68665,4.34,2625.84,Construção,12676,3.79,Baixo
2023,2,2023-06-01,Sul,RS,3445179,3251076,194103,5.63,3055.39,Indústria,30261,6.66,Baixo
2023,3,2023-09-01,Norte,AM,1232320,1157759,74561,6.05,1860.48,Construção,38671,6.03,Baixo
2023,3,2023-09-01,Norte,PA,5606754,4998313,608441,10.85,3005.24,Agropecuária,38815,3.16,Alto
2023,3,2023-09-01,Norte,RO,4194835,3860904,333931,7.96,2308.29,Serviços,60406,3.77,Médio
2023,3,2023-09-01,Norte,TO,1546526,1359895,186631,12.07,3837.41,Construção,52361,5.95,Alto
2023,3,2023-09-01,Nordeste,BA,850557,736816,113741,13.37,2178.45,Serviços,35468,6.44,Alto
2023,3,2023-09-01,Nordeste,PE,1342052,1170650,171402,12.77,2178.18,Comércio,18140,3.87,Alto
2023,3,2023-09-01,Nordeste,CE,5314555,4785291,529264,9.96,1709.47,Indústria,54962,4.72,Médio
2023,3,2023-09-01,Nordeste,MA,3201825,2714408,487417,15.22,2387.53,Construção,54505,7.4,Crítico
2023,3,2023-09-01,Nordeste,PB,1672827,1329467,343360,20.53,3235.13,Serviços,52717,3.54,Crítico
2023,3,2023-09-01,Centro-Oeste,DF,4541303,4162728,378575,8.34,3608.22,Serviços,17079,6.94,Médio
2023,3,2023-09-01,Centro-Oeste,GO,4651820,4403637,248183,5.34,3683.58,Agropecuária,82621,3.31,Baixo
2023,3,2023-09-01,Centro-Oeste,MT,3919952,3702807,217145,5.54,2444.41,Agropecuária,51502,5.78,Baixo
2023,3,2023-09-01,Centro-Oeste,MS,2856720,2707428,149292,5.23,3091.03,Comércio,49757,3.75,Baixo
2023,3,2023-09-01,Sudeste,SP,5139732,4629162,510570,9.93,3799.54,Comércio,27618,3.44,Médio
2023,3,2023-09-01,Sudeste,RJ,3138554,2873395,265159,8.45,3324.68,Construção,79796,3.77,Médio
2023,3,2023-09-01,Sudeste,MG,4031130,3651910,379220,9.41,2328.16,Comércio,73962,3.15,Médio
2023,3,2023-09-01,Sudeste,ES,1400114,1263285,136829,9.77,2789.31,Agropecuária,15345,5.35,Médio
2023,3,2023-09-01,Sul,PR,1314937,1255068,59869,4.55,2535.18,Serviços,32185,5.63,Baixo
2023,3,2023-09-01,Sul,SC,2011311,1929408,81903,4.07,2738.77,Comércio,34763,3.28,Baixo
2023,3,2023-09-01,Sul,RS,2826007,2667566,158441,5.61,2531.89,Serviços,74354,5.21,Baixo
2023,4,2023-12-01,Norte,AM,2623921,2431468,192453,7.33,2561.02,Agropecuária,77290,4.37,Médio
2023,4,2023-12-01,Norte,PA,5249109,4952962,296147,5.64,2932.44,Agropecuária,41737,7.29,Baixo
2023,4,2023-12-01,Norte,RO,687800,629201,58599,8.52,2332.67,Construção,39525,2.59,Médio
2023,4,2023-12-01,Norte,TO,5048390,4609317,439073,8.7,2891.65,Construção,60903,4.45,Médio
2023,4,2023-12-01,Nordeste,BA,5942804,5111144,831660,13.99,2867.46,Serviços,7735,7.02,Alto
2023,4,2023-12-01,Nordeste,PE,5235999,4498864,737135,14.08,3064.4,Construção,49288,2.77,Crítico
2023,4,2023-12-01,Nordeste,CE,1964782,1670343,294439,14.99,2808.17,Indústria,84167,3.93,Crítico
2023,4,2023-12-01,Nordeste,MA,4971890,4468986,502904,10.11,3725.86,Agropecuária,48851,5.17,Alto
2023,4,2023-12-01,Nordeste,PB,5150331,4460580,689751,13.39,2674.51,Construção,27925,5.08,Alto
2023,4,2023-12-01,Centro-Oeste,DF,3893051,3555409,337642,8.67,1373.2,Agropecuária,87396,4.54,Médio
2023,4,2023-12-01,Centro-Oeste,GO,3891028,3617662,273366,7.03,2288.45,Construção,2572,6.82,Médio
2023,4,2023-12-01,Centro-Oeste,MT,3357076,3203679,153397,4.57,3183.04,Indústria,70921,3.93,Baixo
2023,4,2023-12-01,Centro-Oeste,MS,4315413,3987936,327477,7.59,2607.65,Construção,74379,2.73,Médio
2023,4,2023-12-01,Sudeste,SP,3759471,3566632,192839,5.13,2861.26,Indústria,28976,2.48,Baixo
2023,4,2023-12-01,Sudeste,RJ,2726229,2425752,300477,11.02,3349.35,Comércio,85718,9.9,Alto
2023,4,2023-12-01,Sudeste,MG,2393238,2176398,216840,9.06,1585.6,Agropecuária,25600,6.59,Médio
2023,4,2023-12-01,Sudeste,ES,3937927,3595283,342644,8.7,2586.37,Indústria,81914,4.43,Médio
2023,4,2023-12-01,Sul,PR,5840621,5382461,458160,7.84,2300.61,Indústria,59169,5.49,Médio
2023,4,2023-12-01,Sul,SC,2082015,1908031,173984,8.36,3993.41,Comércio,13460,8.69,Médio
2023,4,2023-12-01,Sul,RS,4319335,4189755,129580,3.0,2606.35,Serviços,1668,3.83,Baixo
2024,1,2024-03-01,Norte,AM,2630491,2381165,249326,9.48,2948.08,Indústria,41710,5.72,Médio
2024,1,2024-03-01,Norte,PA,5078149,4674915,403234,7.94,2554.35,Serviços,20033,2.34,Médio
2024,1,2024-03-01,Norte,RO,3578795,3259814,318981,8.91,3236.29,Agropecuária,81812,3.98,Médio
2024,1,2024-03-01,Norte,TO,4003605,3506156,497449,12.43,1699.78,Comércio,64569,2.71,Alto
2024,1,2024-03-01,Nordeste,BA,1243221,1072931,170290,13.7,2369.56,Comércio,1914,6.63,Alto
2024,1,2024-03-01,Nordeste,PE,3726179,3221873,504306,13.53,3815.82,Indústria,29505,6.65,Alto
2024,1,2024-03-01,Nordeste,CE,5810098,5236384,573714,9.87,1810.99,Construção,38842,4.42,Médio
2024,1,2024-03-01,Nordeste,MA,765946,681876,84070,10.98,2392.24,Construção,59432,6.85,Alto
2024,1,2024-03-01,Nordeste,PB,3424468,2914842,509626,14.88,2252.83,Indústria,64498,2.41,Crítico
2024,1,2024-03-01,Centro-Oeste,DF,3104870,2898047,206823,6.66,2456.9,Comércio,18498,5.89,Baixo
2024,1,2024-03-01,Centro-Oeste,GO,1916814,1762475,154339,8.05,2644.74,Comércio,84402,4.69,Médio
2024,1,2024-03-01,Centro-Oeste,MT,1989648,1929959,59689,3.0,2513.86,Indústria,14882,6.18,Baixo
2024,1,2024-03-01,Centro-Oeste,MS,3484456,3379923,104533,3.0,2754.03,Indústria,35270,9.14,Baixo
2024,1,2024-03-01,Sudeste,SP,5474132,5092654,381478,6.97,2406.45,Comércio,16572,3.52,Baixo
2024,1,2024-03-01,Sudeste,RJ,1745509,1589499,156010,8.94,3712.01,Indústria,61937,5.53,Médio
2024,1,2024-03-01,Sudeste,MG,5942678,5569040,373638,6.29,2608.13,Agropecuária,63298,5.28,Baixo
2024,1,2024-03-01,Sudeste,ES,911935,847384,64551,7.08,2116.39,Comércio,45091,3.14,Médio
2024,1,2024-03-01,Sul,PR,1407859,1359009,48850,3.47,3332.77,Serviços,20042,5.54,Baixo
2024,1,2024-03-01,Sul,SC,555203,521225,33978,6.12,3118.14,Serviços,28203,3.85,Baixo
2024,1,2024-03-01,Sul,RS,1821298,1641448,179850,9.87,3201.99,Comércio,7783,5.35,Médio
2024,2,2024-06-01,Norte,AM,5732612,5255543,477069,8.32,2005.02,Serviços,86467,5.89,Médio
2024,2,2024-06-01,Norte,PA,3465227,3237340,227887,6.58,2701.16,Indústria,83688,5.25,Baixo
2024,2,2024-06-01,Norte,RO,3184276,2806337,377939,11.87,2821.29,Indústria,49039,3.76,Alto
2024,2,2024-06-01,Norte,TO,983125,888526,94599,9.62,2170.79,Indústria,78914,4.33,Médio
2024,2,2024-06-01,Nordeste,BA,4737523,4181174,556349,11.74,1656.77,Indústria,66471,6.77,Alto
2024,2,2024-06-01,Nordeste,PE,667709,596792,70917,10.62,4077.61,Agropecuária,80706,3.35,Alto
2024,2,2024-06-01,Nordeste,CE,3309944,2988451,321493,9.71,2509.49,Serviços,3486,5.42,Médio
2024,2,2024-06-01,Nordeste,MA,3402687,3094720,307967,9.05,1371.04,Serviços,40559,2.51,Médio
2024,2,2024-06-01,Nordeste,PB,4205522,3716576,488946,11.63,2057.41,Agropecuária,9503,4.97,Alto
2024,2,2024-06-01,Centro-Oeste,DF,1663486,1561423,102063,6.14,2511.94,Agropecuária,18946,2.59,Baixo
2024,2,2024-06-01,Centro-Oeste,GO,4310556,3909119,401437,9.31,3091.96,Agropecuária,81371,7.3,Médio
2024,2,2024-06-01,Centro-Oeste,MT,1795242,1710279,84963,4.73,3191.3,Serviços,10223,6.56,Baixo
2024,2,2024-06-01,Centro-Oeste,MS,555960,524477,31483,5.66,1818.85,Comércio,35730,3.46,Baixo
2024,2,2024-06-01,Sudeste,SP,3203730,3050298,153432,4.79,3847.44,Indústria,67525,5.55,Baixo
2024,2,2024-06-01,Sudeste,RJ,1428992,1323250,105742,7.4,2492.39,Construção,61631,4.84,Médio
2024,2,2024-06-01,Sudeste,MG,3084592,2923089,161503,5.24,2953.72,Construção,51880,4.5,Baixo
2024,2,2024-06-01,Sudeste,ES,2466739,2248920,217819,8.83,2635.81,Comércio,46156,3.68,Médio
2024,2,2024-06-01,Sul,PR,5035862,4639055,396807,7.88,2836.6,Comércio,46784,3.79,Médio
2024,2,2024-06-01,Sul,SC,4959563,4522237,437326,8.82,2930.8,Indústria,66715,6.14,Médio
2024,2,2024-06-01,Sul,RS,1359144,1283126,76018,5.59,1434.03,Comércio,82251,6.61,Baixo
2024,3,2024-09-01,Norte,AM,1793168,1584531,208637,11.64,2031.82,Indústria,14973,4.05,Alto
2024,3,2024-09-01,Norte,PA,4492632,3835698,656934,14.62,3346.96,Serviços,36807,7.24,Crítico
2024,3,2024-09-01,Norte,RO,5626054,5216203,409851,7.28,2819.5,Comércio,89646,4.47,Médio
2024,3,2024-09-01,Norte,TO,2074315,2004899,69416,3.35,3047.58,Serviços,54835,3.12,Baixo
2024,3,2024-09-01,Nordeste,BA,3553426,3053311,500115,14.07,2487.44,Comércio,24901,2.56,Crítico
2024,3,2024-09-01,Nordeste,PE,4437268,3876840,560428,12.63,3462.86,Indústria,18625,5.14,Alto
2024,3,2024-09-01,Nordeste,CE,4240178,3765622,474556,11.19,2321.93,Indústria,43609,6.24,Alto
2024,3,2024-09-01,Nordeste,MA,1740189,1553470,186719,10.73,2047.42,Indústria,8723,6.42,Alto
2024,3,2024-09-01,Nordeste,PB,5291912,4443570,848342,16.03,3008.51,Construção,7213,6.66,Crítico
2024,3,2024-09-01,Centro-Oeste,DF,2699040,2462515,236525,8.76,2376.91,Comércio,33014,5.12,Médio
2024,3,2024-09-01,Centro-Oeste,GO,4658528,4290548,367980,7.9,1664.19,Comércio,37012,5.06,Médio
2024,3,2024-09-01,Centro-Oeste,MT,4896535,4544370,352165,7.19,3511.63,Construção,75972,8.08,Médio
2024,3,2024-09-01,Centro-Oeste,MS,5136181,4900622,235559,4.59,2807.42,Agropecuária,36684,5.35,Baixo
2024,3,2024-09-01,Sudeste,SP,5959524,5665164,294360,4.94,1908.63,Construção,26621,5.58,Baixo
2024,3,2024-09-01,Sudeste,RJ,2738661,2510127,228534,8.34,2988.68,Indústria,53050,7.84,Médio
2024,3,2024-09-01,Sudeste,MG,801293,740808,60485,7.55,3428.12,Construção,9663,8.96,Médio
2024,3,2024-09-01,Sudeste,ES,5201029,4781117,419912,8.07,2991.7,Agropecuária,30321,3.08,Médio
2024,3,2024-09-01,Sul,PR,976081,946799,29282,3.0,3702.69,Serviços,18705,6.84,Baixo
2024,3,2024-09-01,Sul,SC,3940230,3817241,122989,3.12,2308.0,Indústria,44974,7.87,Baixo
2024,3,2024-09-01,Sul,RS,2283363,2176268,107095,4.69,2171.91,Serviços,73534,6.95,Baixo
2024,4,2024-12-01,Norte,AM,5006074,4496889,509185,10.17,2430.97,Comércio,31773,9.34,Alto
2024,4,2024-12-01,Norte,PA,4537128,4052418,484710,10.68,3450.29,Construção,52077,6.4,Alto
2024,4,2024-12-01,Norte,RO,4556603,4068229,488374,10.72,2376.34,Construção,37989,4.07,Alto
2024,4,2024-12-01,Norte,TO,3499925,3239731,260194,7.43,3122.35,Construção,1131,5.11,Médio
2024,4,2024-12-01,Nordeste,BA,1774366,1597470,176896,9.97,2820.93,Construção,31360,2.17,Médio
2024,4,2024-12-01,Nordeste,PE,4384299,3827475,556824,12.7,1966.05,Agropecuária,47252,6.79,Alto
2024,4,2024-12-01,Nordeste,CE,1500894,1317668,183226,12.21,2783.97,Indústria,6190,5.35,Alto
2024,4,2024-12-01,Nordeste,MA,998791,897894,100897,10.1,2848.66,Indústria,5010,5.21,Alto
2024,4,2024-12-01,Nordeste,PB,5447563,4727371,720192,13.22,3458.07,Comércio,5016,7.21,Alto
2024,4,2024-12-01,Centro-Oeste,DF,4756870,4481296,275574,5.79,2956.71,Indústria,54752,6.3,Baixo
2024,4,2024-12-01,Centro-Oeste,GO,681532,642653,38879,5.7,2254.98,Construção,25969,3.37,Baixo
2024,4,2024-12-01,Centro-Oeste,MT,860880,795739,65141,7.57,2928.2,Indústria,24785,3.31,Médio
2024,4,2024-12-01,Centro-Oeste,MS,4218770,3986847,231923,5.5,2650.2,Comércio,3453,4.58,Baixo
2024,4,2024-12-01,Sudeste,SP,3333879,3025848,308031,9.24,2554.87,Comércio,83235,5.92,Médio
2024,4,2024-12-01,Sudeste,RJ,1915892,1670516,245376,12.81,2418.08,Construção,80797,4.98,Alto
2024,4,2024-12-01,Sudeste,MG,2314025,2239159,74866,3.24,2530.79,Construção,21927,3.36,Baixo
2024,4,2024-12-01,Sudeste,ES,2225664,2064785,160879,7.23,3642.04,Indústria,83579,5.95,Médio
2024,4,2024-12-01,Sul,PR,382098,366841,15257,3.99,2924.2,Comércio,60057,6.04,Baixo
2024,4,2024-12-01,Sul,SC,2510826,2435502,75324,3.0,2121.54,Construção,14156,6.85,Baixo
2024,4,2024-12-01,Sul,RS,4744358,4348135,396223,8.35,2208.64,Agropecuária,55164,4.51,Médio
